Start,End,GOVtGOVverbalconflictct, GOVtALLverbalconflictct, ALLtGOVverbalconflictct, ALLtALLverbalconflictct,GOVtGOVmatconflictct, GOVtALLmatconflictct, ALLtGOVmatconflictct, ALLtALLmatconflictct,GOVtGOVverbalcoopct, GOVtALLverbalcoopct, ALLtGOVverbalcoopct, ALLtALLverbalcoopct,GOVtGOVmatcoopct, GOVtALLmatcoopct, ALLtGOVmatcoopct, ALLtALLmatcoopct,GOVtGOVarrestct, GOVtALLarrestct, ALLtGOVarrestct, ALLtALLarrestct,GOVtGOVprotestct, GOVtALLprotestct, ALLtGOVprotestct, ALLtALLprotestct
12/31/2000,1/6/2001,0,0,3,1,0,3,0,1,2,4,2,4,0,0,0,0,0,2,0,0,0,0,0,0
1/7/2001,1/13/2001,1,3,3,2,0,6,0,2,5,3,2,10,0,2,0,1,0,3,0,0,0,0,0,2
1/14/2001,1/20/2001,1,3,3,2,1,1,0,2,6,4,3,3,0,0,0,0,0,1,0,0,0,0,0,1
1/21/2001,1/27/2001,0,1,4,1,0,14,3,12,6,6,5,3,0,1,0,0,0,5,0,2,0,0,3,0
1/28/2001,2/3/2001,5,2,4,1,0,10,4,20,6,6,4,4,0,1,0,0,0,3,0,2,0,0,4,1
2/4/2001,2/10/2001,1,0,5,3,2,6,5,10,6,15,12,2,0,0,1,0,2,1,1,2,0,0,1,0
2/11/2001,2/17/2001,1,10,6,5,0,7,3,5,0,12,4,4,0,0,0,0,0,1,0,2,0,0,2,0
2/18/2001,2/24/2001,0,6,15,4,0,6,0,9,2,5,2,4,0,1,0,0,0,5,0,3,0,0,0,0
2/25/2001,3/3/2001,2,1,0,0,1,21,8,15,3,7,7,3,1,1,0,0,1,4,0,1,0,0,8,0
3/4/2001,3/10/2001,2,0,2,1,2,5,3,5,0,5,2,3,0,0,0,0,1,4,0,1,0,0,2,0
3/11/2001,3/17/2001,0,1,6,1,0,8,0,23,7,10,9,3,0,0,0,0,0,6,0,0,0,0,0,0
3/18/2001,3/24/2001,0,7,3,2,4,70,5,19,5,7,10,6,0,6,0,0,4,42,0,13,0,0,3,0
3/25/2001,3/31/2001,2,5,5,0,0,15,0,5,2,6,7,3,0,3,2,0,0,7,0,1,0,0,0,1
4/1/2001,4/7/2001,1,1,4,2,1,2,2,1,4,5,0,3,0,2,0,0,1,2,0,0,0,0,0,0
4/8/2001,4/14/2001,0,0,1,4,0,9,6,3,4,5,2,1,0,0,0,0,0,5,0,2,0,0,5,0
4/15/2001,4/21/2001,2,2,4,0,0,9,5,0,6,15,9,0,0,0,0,0,0,3,0,0,0,0,2,0
4/22/2001,4/28/2001,1,5,5,3,1,33,1,9,0,3,4,6,0,1,0,0,0,8,1,6,0,0,0,0
4/29/2001,5/5/2001,1,2,5,0,0,33,17,4,1,8,6,0,0,0,0,0,0,15,0,2,0,0,17,1
5/6/2001,5/12/2001,1,4,1,2,0,0,1,1,5,1,2,2,1,1,0,1,0,0,0,0,0,0,0,0
5/13/2001,5/19/2001,2,0,3,0,0,5,8,8,6,7,5,3,0,0,0,0,0,2,0,0,0,0,2,0
5/20/2001,5/26/2001,0,1,1,0,0,2,0,8,4,6,10,2,0,1,0,0,0,1,0,0,0,0,0,0
5/27/2001,6/2/2001,3,1,4,2,0,7,2,6,3,7,4,5,1,0,0,0,0,5,0,1,0,0,1,2
6/3/2001,6/9/2001,0,3,2,8,0,6,2,3,5,11,6,0,0,0,0,2,0,4,0,2,0,0,2,1
6/10/2001,6/16/2001,0,5,8,4,0,9,2,9,5,7,11,5,0,0,0,1,0,1,1,4,0,0,1,0
6/17/2001,6/23/2001,6,1,9,4,17,13,3,2,9,8,5,0,0,0,0,0,0,7,1,0,0,0,0,0
6/24/2001,6/30/2001,0,3,2,1,1,3,2,1,1,21,16,2,1,1,0,0,0,2,0,1,0,0,2,0
7/1/2001,7/7/2001,0,2,2,0,2,4,0,3,8,10,10,8,0,1,0,1,0,2,0,1,0,0,0,0
7/8/2001,7/14/2001,1,4,4,3,0,3,0,4,8,7,9,4,0,0,0,0,0,1,0,1,0,0,0,0
7/15/2001,7/21/2001,0,2,6,1,0,3,3,4,10,22,12,0,0,0,0,0,0,0,0,0,0,0,0,0
7/22/2001,7/28/2001,3,3,5,2,0,1,0,14,6,9,8,4,0,1,0,0,0,0,0,0,0,0,0,0
7/29/2001,8/4/2001,2,1,2,0,4,6,6,5,7,3,2,2,0,0,0,0,3,6,0,0,0,0,0,0
8/5/2001,8/11/2001,1,2,4,3,0,2,2,4,8,1,1,1,0,0,0,0,0,2,0,1,0,0,0,0
8/12/2001,8/18/2001,0,6,7,2,1,15,0,2,5,5,0,6,0,0,0,0,0,4,0,1,0,0,0,0
8/19/2001,8/25/2001,3,2,8,4,0,17,7,14,1,6,7,8,0,0,0,0,0,7,3,5,0,0,0,0
8/26/2001,9/1/2001,0,1,4,2,0,6,0,2,3,6,4,2,0,0,0,0,0,3,0,1,0,0,0,0
9/2/2001,9/8/2001,0,1,0,1,0,5,0,1,1,5,0,0,0,0,0,1,0,3,0,0,0,0,0,0
9/9/2001,9/15/2001,0,1,1,0,0,0,0,2,2,1,0,0,0,0,0,0,0,0,0,0,0,0,0,1
9/16/2001,9/22/2001,1,1,4,3,0,13,20,5,11,23,20,0,0,0,0,0,0,0,0,1,0,0,19,3
9/23/2001,9/29/2001,0,1,3,1,0,3,5,0,2,6,8,5,0,1,0,1,0,3,0,0,0,0,2,0
9/30/2001,10/6/2001,3,5,0,2,0,3,2,13,0,7,4,8,0,0,0,0,0,1,0,1,0,0,1,0
10/7/2001,10/13/2001,3,3,1,0,0,46,39,16,1,1,1,5,0,5,0,0,0,9,0,1,0,0,30,6
10/14/2001,10/20/2001,3,4,1,3,0,15,21,2,2,1,0,2,0,1,0,0,0,3,0,0,0,0,17,0
10/21/2001,10/27/2001,0,1,1,3,0,6,6,8,2,5,2,4,0,0,0,1,0,3,0,5,0,0,2,1
10/28/2001,11/3/2001,5,4,1,5,0,20,8,42,12,13,14,8,0,0,0,1,0,15,0,3,0,0,0,3
11/4/2001,11/10/2001,1,3,4,3,0,29,13,16,3,10,10,9,0,0,0,0,0,11,0,5,0,0,9,3
11/11/2001,11/17/2001,0,5,1,0,0,9,1,2,1,4,3,0,0,0,0,0,0,1,0,0,0,0,1,0
11/18/2001,11/24/2001,0,1,1,0,0,5,0,4,10,6,4,1,0,0,0,0,0,2,0,3,0,0,0,0
11/25/2001,12/1/2001,0,5,0,11,0,5,0,5,0,8,9,5,0,0,2,0,0,1,0,2,0,0,0,0
12/2/2001,12/8/2001,0,7,3,3,0,8,0,4,12,4,5,3,0,0,0,0,0,5,0,3,0,0,0,0
12/9/2001,12/15/2001,0,2,1,2,0,9,0,1,2,3,2,0,0,0,1,2,0,3,0,0,0,0,0,0
12/16/2001,12/22/2001,2,5,5,9,0,13,6,6,6,14,4,1,0,1,0,0,0,4,0,0,0,0,0,1
12/23/2001,12/29/2001,0,11,1,0,0,20,2,19,4,10,4,8,0,1,0,1,0,14,1,9,0,0,0,0
12/30/2001,1/5/2002,5,6,3,4,1,36,1,43,27,13,16,9,1,1,0,0,1,17,0,33,0,0,0,0
1/6/2002,1/12/2002,1,10,3,3,0,39,4,18,15,4,9,11,0,2,0,0,0,12,1,4,0,0,0,2
1/13/2002,1/19/2002,2,8,12,1,0,78,3,10,5,16,19,6,0,4,0,0,0,33,0,4,0,0,1,0
1/20/2002,1/26/2002,1,4,7,4,0,13,2,5,8,9,7,1,0,6,0,0,0,6,0,1,0,0,1,0
1/27/2002,2/2/2002,3,4,2,6,1,26,2,4,11,1,2,5,0,4,0,1,1,7,0,2,0,0,0,0
2/3/2002,2/9/2002,3,14,1,1,0,22,2,11,11,6,4,6,0,2,0,1,0,14,0,9,0,0,0,0
2/10/2002,2/16/2002,1,24,2,0,3,29,2,19,10,6,4,7,0,1,0,0,1,23,0,19,0,0,2,0
2/17/2002,2/23/2002,2,11,3,0,0,24,3,7,8,10,3,3,0,1,1,2,0,16,0,5,0,0,0,0
2/24/2002,3/2/2002,3,15,2,1,1,28,4,36,12,7,9,5,0,1,0,0,1,7,0,8,0,0,0,0
3/3/2002,3/9/2002,2,3,3,4,0,14,0,9,4,5,6,10,0,1,0,1,0,7,0,0,0,0,0,0
3/10/2002,3/16/2002,0,7,10,2,0,16,7,8,12,2,3,5,0,1,0,1,0,7,2,5,0,0,0,0
3/17/2002,3/23/2002,8,9,7,9,5,20,0,52,27,15,12,9,1,1,0,2,0,16,0,1,0,0,0,0
3/24/2002,3/30/2002,2,4,5,3,0,9,3,4,30,6,8,3,0,2,0,1,0,3,0,1,0,0,1,0
3/31/2002,4/6/2002,0,8,22,4,3,17,1,8,17,20,15,9,0,2,0,2,0,5,0,4,0,0,0,0
4/7/2002,4/13/2002,6,14,14,3,2,17,5,4,4,22,18,9,0,2,0,0,0,6,0,1,1,0,4,0
4/14/2002,4/20/2002,8,10,15,5,5,22,4,12,7,22,18,12,3,0,0,5,0,8,0,4,1,4,2,0
4/21/2002,4/27/2002,6,16,18,11,3,14,12,15,3,15,15,11,1,0,0,0,2,8,0,8,1,0,8,0
4/28/2002,5/4/2002,1,9,22,5,1,11,3,11,18,22,19,5,1,0,1,0,0,5,0,2,0,0,2,0
5/5/2002,5/11/2002,4,2,10,4,2,32,3,24,14,14,16,8,0,0,1,0,1,17,0,3,0,0,2,0
5/12/2002,5/18/2002,5,3,2,1,0,17,2,11,5,9,5,5,0,0,0,0,0,8,0,4,0,0,0,0
5/19/2002,5/25/2002,2,9,4,5,0,10,2,12,11,24,15,10,1,0,0,0,0,5,0,3,0,0,1,0
5/26/2002,6/1/2002,4,12,3,6,1,7,0,6,21,19,10,3,0,0,0,2,0,0,0,3,0,0,0,0
6/2/2002,6/8/2002,3,5,5,2,1,15,1,3,6,9,7,3,1,0,0,1,0,3,0,0,0,0,0,0
6/9/2002,6/15/2002,0,0,4,4,0,22,2,8,13,13,6,5,0,1,0,0,0,11,0,0,0,0,0,0
6/16/2002,6/22/2002,2,6,4,3,1,12,1,11,5,10,4,4,0,1,0,0,1,4,0,4,0,0,0,0
6/23/2002,6/29/2002,1,6,6,3,4,27,7,10,4,13,3,8,0,1,1,0,0,6,0,7,0,0,0,0
6/30/2002,7/6/2002,2,4,6,3,0,20,11,11,6,9,6,7,0,0,0,3,0,8,0,6,0,0,1,1
7/7/2002,7/13/2002,4,11,19,6,2,27,5,15,6,11,8,5,1,2,0,2,0,20,0,10,0,0,2,0
7/14/2002,7/20/2002,0,3,19,8,0,27,3,27,13,10,10,5,1,0,0,3,0,18,0,2,0,0,1,0
7/21/2002,7/27/2002,4,4,8,2,3,16,1,10,15,13,15,3,0,0,0,0,0,8,0,5,0,0,0,0
7/28/2002,8/3/2002,1,5,12,4,0,34,8,3,5,10,10,13,0,3,0,0,0,17,0,0,0,0,0,2
8/4/2002,8/10/2002,1,13,3,5,2,17,3,57,14,9,9,10,0,0,0,1,0,12,0,5,0,0,0,0
8/11/2002,8/17/2002,9,16,24,12,0,43,6,20,9,19,19,24,0,4,0,1,0,29,2,3,0,0,1,1
8/18/2002,8/24/2002,8,7,14,8,1,20,0,7,14,15,18,16,0,4,0,0,0,11,0,3,0,0,0,0
8/25/2002,8/31/2002,4,26,46,21,1,42,9,8,16,21,21,21,1,2,0,0,1,19,0,2,0,0,8,0
9/1/2002,9/7/2002,3,25,21,24,1,34,6,16,14,22,17,48,0,1,0,0,1,14,0,1,0,0,6,3
9/8/2002,9/14/2002,7,25,23,15,1,55,9,15,20,16,19,17,0,4,0,2,1,21,0,8,0,0,5,0
9/15/2002,9/21/2002,10,6,23,4,1,20,3,25,14,15,8,19,0,0,0,0,0,14,0,13,0,0,2,2
9/22/2002,9/28/2002,6,17,21,12,2,12,3,27,10,31,10,41,0,1,0,2,2,7,0,0,0,0,2,2
9/29/2002,10/5/2002,7,15,31,18,0,22,5,11,17,29,25,34,0,3,0,1,0,14,0,3,0,0,0,0
10/6/2002,10/12/2002,6,12,44,32,7,23,8,19,26,58,27,37,1,1,1,0,0,5,0,3,0,0,4,0
10/13/2002,10/19/2002,9,6,23,14,0,10,1,3,21,38,29,82,0,2,0,5,0,6,0,1,0,0,0,1
10/20/2002,10/26/2002,4,9,17,15,2,27,2,7,12,12,21,70,0,4,0,0,0,16,0,0,0,0,0,1
10/27/2002,11/2/2002,2,8,19,6,1,13,3,7,11,23,35,38,0,3,0,1,0,8,0,4,0,0,1,1
11/3/2002,11/9/2002,2,3,21,15,4,7,2,6,16,28,39,73,2,11,0,5,0,4,0,1,0,0,0,1
11/10/2002,11/16/2002,5,6,16,9,3,8,3,5,19,27,35,44,1,2,2,1,0,4,0,1,0,0,3,1
11/17/2002,11/23/2002,14,4,10,9,3,12,0,2,36,33,24,33,0,4,0,4,0,9,0,0,0,0,0,0
11/24/2002,11/30/2002,3,10,7,4,0,11,3,14,21,27,31,50,2,0,0,0,0,4,0,3,0,0,0,1
12/1/2002,12/7/2002,1,3,12,5,1,12,0,3,13,19,22,24,0,5,0,5,0,4,0,0,0,0,0,2
12/8/2002,12/14/2002,4,2,8,9,0,3,1,9,10,11,15,16,0,4,0,1,0,2,0,0,0,0,1,1
12/15/2002,12/21/2002,1,12,14,5,0,26,4,11,12,24,17,15,0,4,0,1,0,16,0,7,0,0,3,1
12/22/2002,12/28/2002,2,11,1,2,0,13,0,6,11,6,6,5,1,5,0,2,0,8,0,2,0,0,0,0
12/29/2002,1/4/2003,1,3,5,5,1,9,0,2,17,6,10,9,0,3,0,0,0,3,0,1,0,0,0,0
1/5/2003,1/11/2003,0,6,3,4,1,7,0,5,3,5,8,5,0,2,0,2,0,6,0,4,0,0,0,1
1/12/2003,1/18/2003,2,2,0,1,0,7,0,9,1,4,1,2,0,1,0,1,0,5,0,3,0,0,0,0
1/19/2003,1/25/2003,3,4,2,4,0,6,0,5,14,8,10,3,0,1,1,0,0,2,0,1,0,0,0,0
1/26/2003,2/1/2003,0,1,2,0,1,4,2,5,5,3,6,2,0,2,1,0,1,4,0,0,0,0,0,1
2/2/2003,2/8/2003,0,2,2,1,0,10,3,5,7,5,7,2,0,0,0,0,0,9,0,3,0,0,0,0
2/9/2003,2/15/2003,1,1,1,1,0,7,0,4,5,4,8,4,1,0,0,3,0,3,0,0,0,0,0,0
2/16/2003,2/22/2003,1,7,0,5,0,5,1,9,12,7,5,1,0,3,0,1,0,3,0,0,0,0,0,0
2/23/2003,3/1/2003,1,4,0,2,2,5,6,24,6,4,4,4,0,1,0,0,0,1,0,4,0,0,1,2
3/2/2003,3/8/2003,3,7,3,1,0,2,6,12,2,5,2,1,0,1,0,0,0,2,3,8,0,0,1,0
3/9/2003,3/15/2003,0,5,1,1,0,9,2,8,5,12,7,0,0,0,0,0,0,6,0,5,0,0,1,0
3/16/2003,3/22/2003,1,1,3,2,0,5,1,4,6,12,4,7,0,0,0,0,0,4,0,4,0,0,0,0
3/23/2003,3/29/2003,0,4,4,1,0,4,0,3,3,5,2,4,0,1,0,0,0,2,0,1,0,0,0,0
3/30/2003,4/5/2003,0,6,2,3,0,2,0,9,4,9,7,4,0,1,0,0,0,0,0,1,0,0,0,1
4/6/2003,4/12/2003,0,0,5,5,0,7,1,5,4,0,1,1,0,0,0,0,0,1,0,0,0,0,0,0
4/13/2003,4/19/2003,1,2,3,4,0,4,0,3,1,7,2,4,0,0,0,0,0,1,0,0,0,0,0,0
4/20/2003,4/26/2003,0,5,2,2,0,6,3,11,5,23,14,3,0,0,0,0,0,3,0,6,0,0,2,0
4/27/2003,5/3/2003,1,6,2,2,0,8,1,5,7,18,7,6,0,0,0,0,0,3,0,2,0,0,0,0
5/4/2003,5/10/2003,1,1,4,0,1,10,1,6,14,14,10,3,0,1,0,0,0,8,0,0,1,0,0,0
5/11/2003,5/17/2003,1,2,3,3,0,9,2,9,3,8,7,10,0,1,0,0,0,4,0,2,0,0,0,0
5/18/2003,5/24/2003,0,16,1,4,1,5,1,5,5,13,10,6,1,0,0,1,0,1,1,0,0,0,0,0
5/25/2003,5/31/2003,9,13,7,4,9,11,4,7,8,15,8,13,0,1,0,6,2,8,0,3,0,0,4,0
6/1/2003,6/7/2003,2,5,5,4,0,6,4,4,21,12,9,8,0,2,0,3,0,4,1,0,0,0,3,0
6/8/2003,6/14/2003,5,17,12,5,3,8,15,13,21,14,7,1,0,2,0,2,0,3,1,1,2,0,7,0
6/15/2003,6/21/2003,2,7,7,2,2,8,3,1,11,5,3,5,0,0,0,0,0,7,1,1,2,0,2,0
6/22/2003,6/28/2003,0,9,8,4,0,7,6,8,7,7,6,7,0,1,0,0,0,4,0,1,0,0,1,0
6/29/2003,7/5/2003,2,3,12,5,0,19,2,25,2,13,6,2,0,0,0,2,0,4,0,1,0,1,1,1
7/6/2003,7/12/2003,5,4,5,0,0,19,6,14,11,13,8,4,0,2,0,0,0,9,0,0,0,0,5,4
7/13/2003,7/19/2003,2,2,2,2,0,9,0,13,19,10,9,7,0,0,0,0,0,3,0,3,0,0,0,0
7/20/2003,7/26/2003,1,4,3,2,1,15,7,4,8,18,16,9,0,2,0,0,0,2,0,2,0,0,1,0
7/27/2003,8/2/2003,2,5,1,4,2,9,3,2,6,8,8,3,1,12,0,0,0,2,0,0,0,0,0,0
8/3/2003,8/9/2003,0,5,7,7,0,13,2,2,19,9,10,6,0,0,0,0,0,6,0,1,0,0,1,0
8/10/2003,8/16/2003,0,2,8,2,1,8,3,14,3,10,5,4,1,0,0,1,1,0,0,1,0,0,2,1
8/17/2003,8/23/2003,1,5,8,1,0,3,0,7,4,5,6,3,0,0,0,1,0,3,0,1,0,0,0,0
8/24/2003,8/30/2003,0,5,3,5,0,5,2,0,2,5,11,0,0,1,0,0,0,1,0,0,0,0,2,0
8/31/2003,9/6/2003,2,2,4,1,0,4,2,13,13,9,8,1,1,0,1,2,0,2,1,2,0,0,0,1
9/7/2003,9/13/2003,0,2,2,2,1,10,0,3,2,9,7,1,0,0,0,0,0,2,0,2,0,0,0,0
9/14/2003,9/20/2003,2,7,4,3,0,3,2,3,9,5,2,3,0,0,0,0,0,0,0,1,0,0,2,0
9/21/2003,9/27/2003,4,3,2,6,0,16,1,14,0,6,2,6,0,0,0,1,0,9,1,10,0,0,0,0
9/28/2003,10/4/2003,1,7,1,1,0,18,2,7,13,9,5,5,1,0,0,1,0,6,0,1,0,0,0,0
10/5/2003,10/11/2003,1,7,1,7,0,33,5,31,9,10,3,3,0,1,0,0,0,7,0,0,0,0,0,2
10/12/2003,10/18/2003,0,4,10,1,0,18,2,15,10,12,1,2,0,3,2,0,0,11,0,5,0,0,2,0
10/19/2003,10/25/2003,3,1,0,5,0,4,1,15,3,2,3,0,0,1,0,0,0,2,0,3,0,0,0,0
10/26/2003,11/1/2003,1,5,6,3,4,11,3,7,5,10,9,5,0,2,0,1,0,4,0,6,4,1,3,0
11/2/2003,11/8/2003,8,3,4,1,1,9,3,15,1,3,1,1,1,0,0,1,1,6,0,4,0,0,1,0
11/9/2003,11/15/2003,6,1,1,1,1,15,2,14,11,4,4,2,0,0,0,0,1,7,0,4,0,0,1,0
11/16/2003,11/22/2003,0,4,0,3,0,17,3,2,16,8,7,3,0,0,0,0,0,5,0,0,0,0,0,0
11/23/2003,11/29/2003,6,3,0,3,0,6,0,4,6,2,6,0,3,1,0,0,0,2,0,3,0,0,0,0
11/30/2003,12/6/2003,1,6,5,2,0,10,1,3,5,21,9,6,0,0,0,0,0,5,1,3,0,0,0,0
12/7/2003,12/13/2003,3,8,6,4,0,4,0,12,6,13,9,7,0,0,0,0,0,4,0,7,0,0,0,0
12/14/2003,12/20/2003,3,7,7,3,1,12,0,8,15,8,7,2,0,0,0,0,1,7,0,6,0,0,0,0
12/21/2003,12/27/2003,7,19,14,6,0,21,10,20,5,20,16,28,1,0,0,0,0,8,0,5,0,0,0,0
12/28/2003,1/3/2004,4,4,1,5,2,19,9,6,16,14,9,4,0,2,0,0,0,12,0,3,0,0,2,0
1/4/2004,1/10/2004,1,2,3,8,1,5,0,4,13,14,12,3,0,0,0,0,0,2,0,0,1,0,0,0
1/11/2004,1/17/2004,7,7,9,3,0,30,4,16,15,12,7,4,0,0,0,0,0,16,0,5,0,0,1,0
1/18/2004,1/24/2004,4,16,4,4,0,24,3,19,13,11,12,9,1,2,1,0,0,14,0,11,0,0,2,1
1/25/2004,1/31/2004,1,16,8,5,3,12,1,5,7,6,4,7,0,2,0,1,3,5,0,5,0,0,0,0
2/1/2004,2/7/2004,6,5,7,8,0,8,4,3,14,5,8,15,0,3,0,0,0,1,0,3,0,0,4,0
2/8/2004,2/14/2004,2,7,10,7,0,19,13,4,6,3,6,4,0,3,0,0,0,9,0,3,0,0,4,1
2/15/2004,2/21/2004,3,9,10,6,0,12,0,5,7,20,6,5,0,0,0,1,0,6,0,3,0,0,0,0
2/22/2004,2/28/2004,0,10,4,1,0,31,4,5,4,7,5,4,2,1,1,1,0,4,0,0,0,0,0,0
2/29/2004,3/6/2004,0,11,16,6,0,49,18,59,29,12,8,4,0,2,0,0,0,14,0,6,0,0,8,0
3/7/2004,3/13/2004,9,9,2,2,3,17,6,9,3,2,2,1,0,1,0,0,0,9,0,1,0,0,4,0
3/14/2004,3/20/2004,4,6,5,3,0,70,29,12,8,7,5,5,1,0,1,0,0,13,0,5,0,0,1,0
3/21/2004,3/27/2004,2,6,14,12,1,42,41,22,5,7,9,11,0,5,3,0,0,6,0,0,0,0,3,2
3/28/2004,4/3/2004,1,5,2,5,0,30,9,12,0,3,4,9,0,4,6,3,0,10,0,9,0,0,0,0
4/4/2004,4/10/2004,3,14,4,2,0,14,28,29,4,9,6,2,1,0,1,4,0,5,0,8,0,0,6,0
4/11/2004,4/17/2004,2,9,4,3,0,26,5,25,13,5,12,0,0,1,0,0,0,20,0,8,0,0,2,0
4/18/2004,4/24/2004,0,9,4,6,1,12,6,8,9,18,16,3,0,2,2,0,0,5,0,3,0,0,4,0
4/25/2004,5/1/2004,1,4,3,0,1,11,1,4,10,8,5,0,0,3,2,1,1,4,0,0,0,0,0,0
5/2/2004,5/8/2004,1,11,1,9,0,41,1,47,11,24,9,8,0,0,0,0,0,29,0,11,0,0,0,1
5/9/2004,5/15/2004,1,7,9,4,4,41,4,23,5,10,8,41,0,0,0,0,0,20,0,3,0,0,4,0
5/16/2004,5/22/2004,0,10,4,4,1,25,1,15,3,14,10,9,2,4,3,0,1,12,0,1,0,0,0,0
5/23/2004,5/29/2004,4,12,7,1,3,38,8,15,12,20,6,5,0,1,0,0,2,15,2,6,0,0,1,0
5/30/2004,6/5/2004,4,13,2,4,0,108,78,74,17,19,6,5,0,2,0,0,0,14,2,2,0,0,32,8
6/6/2004,6/12/2004,1,18,6,1,3,62,48,25,27,16,8,2,0,7,0,3,0,8,0,4,0,0,4,0
6/13/2004,6/19/2004,6,14,8,10,0,81,17,59,28,8,3,3,0,2,0,0,0,33,0,29,0,0,7,2
6/20/2004,6/26/2004,4,9,11,3,7,20,8,33,37,7,9,4,0,0,0,0,0,9,0,1,0,0,1,1
6/27/2004,7/3/2004,10,7,5,5,10,59,14,2,30,20,13,9,1,2,4,3,2,24,0,1,0,0,7,0
7/4/2004,7/10/2004,0,10,3,2,0,16,3,14,4,11,10,10,0,1,0,3,0,8,0,4,0,0,0,0
7/11/2004,7/17/2004,2,7,1,0,0,23,14,11,22,12,3,8,0,1,0,0,0,11,0,6,0,0,1,0
7/18/2004,7/24/2004,1,3,2,4,6,40,10,7,7,13,6,8,0,3,2,2,6,16,0,3,0,0,1,0
7/25/2004,7/31/2004,0,17,4,10,0,37,17,18,11,37,8,14,1,2,6,2,0,14,2,10,0,0,0,0
8/1/2004,8/7/2004,1,18,1,3,1,36,35,36,13,4,4,6,1,1,2,1,1,14,0,18,0,0,0,0
8/8/2004,8/14/2004,3,9,10,7,3,28,6,24,16,20,6,3,0,1,0,0,1,15,1,16,0,0,3,4
8/15/2004,8/21/2004,3,11,3,9,0,36,20,21,15,10,7,8,0,0,0,0,0,11,0,11,0,0,3,1
8/22/2004,8/28/2004,8,10,15,12,2,32,8,13,28,17,7,15,5,1,0,0,0,15,0,5,1,0,5,2
8/29/2004,9/4/2004,1,5,2,1,1,41,2,21,14,9,7,3,0,1,0,0,1,28,0,12,0,0,0,0
9/5/2004,9/11/2004,1,8,6,2,1,71,17,10,14,20,12,2,0,4,0,0,0,20,0,2,0,0,1,0
9/12/2004,9/18/2004,3,8,13,1,1,36,37,13,30,14,20,5,0,2,0,1,0,3,2,0,0,0,0,0
9/19/2004,9/25/2004,0,13,3,0,2,21,13,6,4,16,11,8,1,0,0,0,0,8,0,2,2,1,0,0
9/26/2004,10/2/2004,1,11,5,4,5,68,45,25,3,20,16,6,0,2,2,2,0,9,0,0,0,0,10,0
10/3/2004,10/9/2004,1,5,2,8,2,33,20,66,19,8,5,11,0,0,0,0,0,8,0,4,1,0,4,3
10/10/2004,10/16/2004,1,13,5,15,2,29,4,36,25,35,23,33,0,1,0,6,1,8,0,3,0,0,2,1
10/17/2004,10/23/2004,1,6,1,7,1,32,15,23,21,11,11,3,0,0,0,0,0,5,0,7,0,0,1,0
10/24/2004,10/30/2004,2,25,11,2,0,50,19,10,9,12,5,7,0,4,1,0,0,11,0,4,0,0,0,1
10/31/2004,11/6/2004,0,7,11,3,3,23,5,15,6,21,6,3,1,0,0,0,1,0,0,2,0,0,2,0
11/7/2004,11/13/2004,3,2,7,5,1,60,11,14,30,19,12,16,0,2,0,3,0,18,0,2,0,0,2,4
11/14/2004,11/20/2004,1,4,4,4,0,42,0,2,4,21,13,14,0,3,0,3,0,23,0,1,0,0,0,0
11/21/2004,11/27/2004,1,6,4,3,0,17,2,8,10,18,12,4,1,17,0,3,0,4,0,3,0,0,0,0
11/28/2004,12/4/2004,3,12,9,2,0,35,5,0,15,13,8,7,0,2,1,0,0,10,0,0,0,0,0,0
12/5/2004,12/11/2004,1,7,10,4,0,15,3,16,15,24,14,4,0,3,2,2,0,6,0,2,0,0,2,0
12/12/2004,12/18/2004,1,14,6,5,0,28,6,8,1,10,7,11,0,0,0,0,0,10,1,1,0,0,0,0
12/19/2004,12/25/2004,2,13,11,14,3,41,22,34,16,17,15,14,0,2,0,2,2,26,2,28,0,0,10,0
12/26/2004,1/1/2005,1,22,6,2,0,9,15,23,13,26,23,9,1,7,1,0,0,3,0,3,0,0,11,0
1/2/2005,1/8/2005,2,1,8,5,0,19,15,15,10,15,1,8,0,3,0,6,0,7,0,0,0,0,5,0
1/9/2005,1/15/2005,7,18,6,14,1,58,20,36,9,16,9,28,0,4,0,1,0,9,0,2,0,0,4,0
1/16/2005,1/22/2005,2,10,11,3,1,35,7,17,14,8,2,3,0,7,1,0,0,17,1,5,0,0,1,0
1/23/2005,1/29/2005,1,4,5,2,0,13,2,34,2,14,8,4,0,0,1,0,0,8,1,5,0,0,0,2
1/30/2005,2/5/2005,9,7,1,2,1,17,2,26,16,25,14,14,0,2,1,0,0,11,0,0,0,0,0,0
2/6/2005,2/12/2005,1,7,7,6,0,18,4,13,24,27,16,28,0,6,1,1,0,7,0,1,0,0,0,0
2/13/2005,2/19/2005,1,5,5,6,0,29,5,16,25,16,12,8,1,3,0,2,0,15,2,5,0,0,0,0
2/20/2005,2/26/2005,1,5,4,4,2,22,3,13,18,12,6,9,1,0,0,2,2,11,0,4,0,0,2,0
2/27/2005,3/5/2005,4,8,8,1,0,40,9,30,20,25,17,10,0,10,0,4,0,25,0,22,0,0,0,0
3/6/2005,3/12/2005,7,13,7,5,2,18,6,6,4,15,8,3,2,2,0,2,0,9,0,0,0,0,3,0
3/13/2005,3/19/2005,0,6,8,4,1,36,22,24,16,34,16,9,0,5,0,7,1,19,0,8,0,0,0,0
3/20/2005,3/26/2005,2,10,18,1,0,22,37,22,21,15,4,9,1,1,0,2,0,4,0,1,0,0,5,0
3/27/2005,4/2/2005,2,10,7,3,0,28,15,26,12,20,20,6,0,1,0,3,0,14,2,2,0,0,11,2
4/3/2005,4/9/2005,2,5,0,6,0,16,8,20,20,7,9,8,0,0,0,0,0,9,0,5,0,0,3,0
4/10/2005,4/16/2005,2,5,4,4,5,43,6,17,7,21,12,26,0,1,0,2,2,26,0,5,2,0,1,2
4/17/2005,4/23/2005,3,10,10,4,0,15,3,11,12,21,12,8,1,4,0,1,0,8,0,3,0,0,0,0
4/24/2005,4/30/2005,2,4,8,5,0,23,4,12,11,13,4,10,0,3,0,5,0,13,0,4,0,0,0,0
5/1/2005,5/7/2005,1,9,5,10,0,17,2,23,10,13,6,2,0,1,0,1,0,12,2,12,0,0,0,0
5/8/2005,5/14/2005,3,7,9,8,2,19,7,13,6,8,6,8,0,0,0,2,2,5,4,7,0,0,1,2
5/15/2005,5/21/2005,3,8,12,7,0,29,5,16,17,22,21,9,1,3,0,0,0,17,1,12,0,0,0,0
5/22/2005,5/28/2005,3,11,2,2,1,15,3,28,10,11,8,8,1,6,0,0,1,4,0,2,0,0,0,0
5/29/2005,6/4/2005,1,7,7,3,0,21,13,49,19,36,22,16,0,0,0,2,0,7,0,0,0,0,1,5
6/5/2005,6/11/2005,1,8,5,4,2,30,3,16,17,31,18,22,2,0,0,3,2,22,0,7,0,0,2,0
6/12/2005,6/18/2005,2,6,0,6,0,10,1,9,2,13,11,13,0,2,0,5,0,5,0,0,0,0,1,1
6/19/2005,6/25/2005,1,4,4,4,0,14,3,16,8,10,4,5,1,0,0,1,0,7,0,1,0,0,0,0
6/26/2005,7/2/2005,3,3,9,1,0,9,3,8,7,16,10,6,0,5,0,5,0,5,0,3,0,0,2,0
7/3/2005,7/9/2005,0,4,4,5,0,20,5,4,5,4,5,2,0,4,2,4,0,13,1,0,0,0,0,0
7/10/2005,7/16/2005,0,7,0,6,0,14,4,7,10,9,1,6,0,3,0,2,0,6,0,6,0,0,0,0
7/17/2005,7/23/2005,0,31,6,9,1,110,7,60,13,40,12,2,0,1,2,0,1,64,2,22,0,0,4,0
7/24/2005,7/30/2005,2,16,3,6,0,51,3,16,12,3,3,0,0,0,0,0,0,35,0,11,0,0,1,0
7/31/2005,8/6/2005,3,6,11,6,0,18,0,4,16,10,19,10,0,0,0,0,0,15,0,2,0,0,0,0
8/7/2005,8/13/2005,3,7,6,7,0,22,2,18,16,17,5,3,0,0,0,0,0,17,0,13,0,0,0,1
8/14/2005,8/20/2005,7,20,8,6,2,30,1,15,19,24,8,6,0,2,1,0,2,16,1,4,0,0,0,0
8/21/2005,8/27/2005,5,10,6,6,1,11,9,14,11,11,12,10,0,1,0,0,0,4,0,2,0,0,2,0
8/28/2005,9/3/2005,9,10,10,5,0,36,2,10,3,10,5,5,0,0,0,3,0,17,0,4,0,0,1,1
9/4/2005,9/10/2005,2,10,2,6,0,16,13,15,1,10,4,4,0,5,0,1,0,4,0,6,0,0,5,1
9/11/2005,9/17/2005,3,14,9,3,0,18,1,32,8,6,1,6,0,0,0,1,0,11,0,15,0,0,1,3
9/18/2005,9/24/2005,3,14,9,1,0,32,2,11,6,5,2,9,0,0,0,0,0,11,0,4,0,0,0,0
9/25/2005,10/1/2005,1,4,4,8,0,50,7,16,14,13,3,1,1,3,0,0,0,21,0,7,0,0,0,0
10/2/2005,10/8/2005,0,2,3,5,1,27,15,35,34,16,13,6,0,4,2,0,1,6,0,3,0,0,0,0
10/9/2005,10/15/2005,0,7,7,3,1,13,6,15,23,50,12,28,2,9,1,30,1,7,0,1,0,0,0,4
10/16/2005,10/22/2005,0,13,0,5,0,19,2,3,17,28,25,5,0,8,1,15,0,7,0,0,0,0,0,0
10/23/2005,10/29/2005,4,4,3,5,0,14,2,7,10,15,9,13,0,10,0,7,0,5,0,1,0,0,0,0
10/30/2005,11/5/2005,3,9,8,3,5,16,0,18,11,35,11,15,1,5,0,13,0,9,0,9,0,0,0,0
11/6/2005,11/12/2005,2,2,3,12,0,13,10,8,15,11,6,7,0,8,0,1,0,2,0,0,0,0,9,1
11/13/2005,11/19/2005,0,14,1,9,0,27,0,5,16,17,16,10,0,2,0,5,0,19,0,2,0,0,0,0
11/20/2005,11/26/2005,1,0,4,1,1,7,0,3,15,13,10,8,0,0,1,0,1,6,0,0,0,0,0,0
11/27/2005,12/3/2005,0,8,7,4,0,7,0,12,10,12,17,6,0,7,3,4,0,4,0,2,0,0,0,0
12/4/2005,12/10/2005,1,3,7,5,7,24,11,25,11,23,16,12,0,2,3,2,0,15,0,0,0,0,0,1
12/11/2005,12/17/2005,6,5,6,1,0,8,5,12,31,28,15,7,1,4,0,1,0,2,0,3,0,0,0,2
12/18/2005,12/24/2005,0,14,6,6,0,34,20,17,8,23,13,14,2,4,1,4,0,15,0,3,0,0,5,2
12/25/2005,12/31/2005,0,3,12,6,0,37,9,9,2,19,13,6,2,1,1,0,0,12,0,0,0,0,0,0
1/1/2006,1/7/2006,3,6,4,5,1,19,22,32,24,10,12,5,0,1,0,0,0,7,0,3,0,0,7,0
1/8/2006,1/14/2006,0,7,3,2,0,30,31,10,10,25,11,8,0,0,0,2,0,1,0,0,0,0,6,2
1/15/2006,1/21/2006,0,7,15,5,0,13,8,5,1,7,4,16,0,0,0,2,0,0,0,0,0,0,2,0
1/22/2006,1/28/2006,1,9,11,4,0,26,12,22,3,4,7,2,0,0,0,0,0,7,0,10,0,0,3,1
1/29/2006,2/4/2006,4,9,8,4,0,33,14,19,6,16,11,5,1,3,0,4,0,9,0,5,0,0,1,3
2/5/2006,2/11/2006,0,6,7,7,1,41,22,37,18,26,15,7,4,2,0,1,1,3,0,0,0,0,6,0
2/12/2006,2/18/2006,1,22,6,15,0,53,52,58,8,23,6,8,0,3,0,1,0,14,0,4,0,0,49,4
2/19/2006,2/25/2006,0,18,7,2,3,64,21,45,2,37,15,14,0,2,0,1,2,26,0,7,1,0,16,4
2/26/2006,3/4/2006,1,10,4,6,3,81,39,42,22,10,11,9,0,2,0,0,0,30,0,7,1,0,17,0
3/5/2006,3/11/2006,5,10,15,4,0,61,30,20,7,12,13,22,0,1,3,3,0,3,2,9,0,0,3,0
3/12/2006,3/18/2006,1,12,30,3,1,27,14,12,21,16,10,4,0,1,0,0,0,13,0,4,0,0,3,0
3/19/2006,3/25/2006,6,12,10,6,0,27,20,48,15,23,5,4,0,1,0,0,0,7,0,10,0,0,0,0
3/26/2006,4/1/2006,0,4,3,6,0,18,5,15,9,8,6,12,0,0,0,1,0,3,0,4,0,0,0,0
4/2/2006,4/8/2006,5,6,6,10,3,35,31,21,9,8,3,8,0,0,4,0,0,7,0,7,0,0,4,2
4/9/2006,4/15/2006,1,11,14,8,0,50,29,33,17,31,7,13,4,4,1,2,0,6,1,1,0,0,4,1
4/16/2006,4/22/2006,4,4,1,1,0,35,26,23,15,30,6,10,0,2,0,0,0,10,1,2,0,0,3,2
4/23/2006,4/29/2006,2,2,1,7,1,38,18,11,12,32,8,16,0,0,0,0,1,9,0,2,0,0,0,0
4/30/2006,5/6/2006,2,4,6,8,0,23,10,32,3,8,3,7,2,2,0,0,0,12,0,3,0,0,0,0
5/7/2006,5/13/2006,5,7,2,2,2,26,0,21,6,11,3,17,0,0,0,3,0,15,0,1,0,0,0,1
5/14/2006,5/20/2006,1,12,6,1,0,21,14,21,21,8,11,33,2,0,2,0,0,9,0,3,0,0,0,0
5/21/2006,5/27/2006,4,7,5,4,0,13,4,18,23,12,13,9,1,2,0,2,0,6,0,11,0,0,0,1
5/28/2006,6/3/2006,4,0,8,4,0,39,6,38,34,11,3,7,1,2,0,3,0,27,0,9,0,0,0,0
6/4/2006,6/10/2006,3,10,9,3,2,29,8,26,11,8,4,6,0,1,0,0,2,11,0,4,0,0,0,0
6/11/2006,6/17/2006,0,8,9,5,0,60,15,36,4,16,5,9,1,1,0,0,0,17,0,5,0,0,0,0
6/18/2006,6/24/2006,0,17,7,9,1,32,11,5,14,7,8,6,0,1,1,0,0,15,0,2,0,0,1,0
6/25/2006,7/1/2006,3,7,12,2,0,27,27,29,26,12,5,12,1,7,0,8,0,11,0,0,0,0,2,0
7/2/2006,7/8/2006,3,10,4,3,1,27,7,21,19,12,11,10,4,3,2,1,0,6,0,11,0,0,2,0
7/9/2006,7/15/2006,2,17,12,10,0,31,9,53,6,28,2,12,0,12,6,13,0,6,0,0,0,0,2,1
7/16/2006,7/22/2006,4,12,16,9,0,28,16,41,22,15,20,11,8,9,11,0,0,17,4,19,0,0,1,0
7/23/2006,7/29/2006,2,8,14,6,0,41,3,18,15,15,8,6,0,3,1,0,0,22,0,3,0,0,0,0
7/30/2006,8/5/2006,0,5,6,7,0,10,2,12,17,13,11,2,0,1,2,0,0,3,0,3,0,0,0,0
8/6/2006,8/12/2006,2,8,6,3,0,13,7,22,2,8,1,2,0,1,0,0,0,8,5,14,0,0,0,0
8/13/2006,8/19/2006,2,8,7,6,1,30,0,8,10,12,1,0,2,1,0,0,0,17,0,5,0,0,0,0
8/20/2006,8/26/2006,1,5,9,1,0,25,5,3,26,9,13,8,0,1,2,2,0,8,0,2,0,0,0,0
8/27/2006,9/2/2006,12,17,27,10,0,95,39,31,20,23,10,19,4,5,1,0,0,16,0,8,0,0,23,3
9/3/2006,9/9/2006,2,7,8,4,0,31,10,8,9,22,29,15,0,7,0,0,0,13,0,2,0,0,3,1
9/10/2006,9/16/2006,0,6,7,7,0,13,8,7,13,6,8,3,0,3,0,3,0,4,0,1,0,0,4,0
9/17/2006,9/23/2006,6,0,6,1,0,10,11,11,11,13,7,8,0,3,0,1,0,6,0,0,0,0,2,0
9/24/2006,9/30/2006,6,18,16,6,0,13,10,3,4,6,6,3,2,1,1,0,0,5,2,1,0,0,2,0
10/1/2006,10/7/2006,7,4,8,4,2,22,11,16,5,5,2,7,2,0,1,0,0,9,0,1,0,0,5,0
10/8/2006,10/14/2006,3,6,6,1,2,41,6,7,0,8,5,6,1,3,0,3,2,25,0,3,0,1,3,1
10/15/2006,10/21/2006,6,5,8,2,3,10,3,8,5,18,16,19,0,3,0,1,1,7,1,2,0,0,0,0
10/22/2006,10/28/2006,1,1,0,0,0,17,1,11,2,6,6,3,1,2,0,0,0,13,0,0,0,0,0,0
10/29/2006,11/4/2006,7,6,11,2,0,24,8,22,8,13,10,12,0,1,0,3,0,4,0,1,0,0,3,5
11/5/2006,11/11/2006,3,7,10,3,1,17,53,47,29,14,9,6,0,0,0,0,0,6,0,0,0,0,7,1
11/12/2006,11/18/2006,5,4,3,0,1,22,11,11,26,10,2,7,1,3,0,2,0,9,0,0,1,0,1,3
11/19/2006,11/25/2006,1,3,7,0,2,8,3,16,15,17,22,10,0,0,0,5,1,4,1,3,1,0,1,0
11/26/2006,12/2/2006,8,7,7,5,1,28,14,16,4,4,4,8,1,0,0,1,1,4,0,6,0,0,9,5
12/3/2006,12/9/2006,3,13,9,1,0,12,8,9,7,13,13,8,0,1,0,0,0,8,0,2,0,0,3,1
12/10/2006,12/16/2006,0,8,4,2,0,5,5,8,7,17,8,5,0,0,2,5,0,2,0,3,0,0,4,3
12/17/2006,12/23/2006,0,8,11,4,0,11,8,8,8,4,7,11,1,2,1,4,0,4,0,0,0,0,3,0
12/24/2006,12/30/2006,2,4,2,5,0,14,3,24,7,3,3,3,0,3,0,3,0,7,0,4,0,0,2,2
12/31/2006,1/6/2007,1,2,3,0,0,4,2,11,26,10,2,8,0,2,0,4,0,4,0,3,0,0,0,0
1/7/2007,1/13/2007,2,7,3,3,0,14,9,19,7,12,4,7,0,2,1,0,0,3,0,1,0,0,4,3
1/14/2007,1/20/2007,6,7,1,6,0,31,9,7,6,10,7,8,0,0,0,0,0,12,0,0,0,0,5,5
1/21/2007,1/27/2007,3,9,16,8,2,12,17,40,0,13,10,5,1,0,2,0,2,4,0,1,0,0,3,2
1/28/2007,2/3/2007,1,6,8,2,0,33,15,41,2,22,5,8,0,0,0,2,0,13,0,2,0,0,0,0
2/4/2007,2/10/2007,9,8,15,5,4,45,24,32,20,23,13,5,5,0,4,0,1,19,0,2,1,0,4,0
2/11/2007,2/17/2007,3,5,4,1,2,40,2,26,15,16,11,5,0,2,0,0,0,26,0,7,0,0,1,1
2/18/2007,2/24/2007,4,21,4,13,6,33,39,32,4,12,15,22,0,1,0,3,2,25,0,5,2,0,1,0
2/25/2007,3/3/2007,3,7,2,4,1,27,8,15,6,17,15,2,0,1,0,1,0,19,2,5,0,0,0,0
3/4/2007,3/10/2007,3,3,12,3,0,27,15,36,19,23,11,12,4,3,0,0,0,18,0,8,0,0,0,1
3/11/2007,3/17/2007,7,17,30,6,10,65,44,24,37,21,22,11,0,0,0,0,3,10,1,4,1,0,39,1
3/18/2007,3/24/2007,11,16,21,5,7,40,27,24,10,43,14,10,0,4,1,1,1,5,0,0,1,1,13,2
3/25/2007,3/31/2007,8,7,17,11,2,51,40,42,17,17,7,17,0,3,0,5,2,16,0,3,0,0,10,2
4/1/2007,4/7/2007,4,8,21,19,0,31,9,44,23,23,20,14,0,2,0,1,0,6,0,1,0,0,7,7
4/8/2007,4/14/2007,8,6,21,6,0,12,15,36,20,38,33,48,2,1,0,2,0,5,0,1,0,0,13,6
4/15/2007,4/21/2007,9,14,19,24,1,9,10,24,21,16,24,13,0,1,0,1,0,5,0,4,0,0,8,12
4/22/2007,4/28/2007,7,6,19,11,1,22,17,32,13,12,18,13,0,1,0,0,0,1,0,2,0,0,6,2
4/29/2007,5/5/2007,7,7,15,12,4,34,14,20,17,24,36,33,0,2,0,0,0,5,0,2,2,0,9,2
5/6/2007,5/12/2007,8,13,22,9,3,19,9,37,23,28,19,11,0,0,0,2,2,6,0,1,0,0,2,0
5/13/2007,5/19/2007,11,8,23,24,4,36,56,68,27,54,28,17,0,2,1,1,0,7,0,10,1,0,14,6
5/20/2007,5/26/2007,10,28,26,14,0,58,56,24,43,36,34,22,4,4,19,7,0,34,0,3,0,0,9,1
5/27/2007,6/2/2007,14,30,28,26,1,43,32,46,30,28,20,30,5,1,0,5,0,21,0,4,0,0,5,4
6/3/2007,6/9/2007,18,40,41,16,1,41,9,22,44,21,22,10,2,8,0,1,0,21,0,15,0,0,7,1
6/10/2007,6/16/2007,19,17,28,13,2,22,10,13,34,23,15,24,0,3,1,2,2,4,0,5,0,0,1,0
6/17/2007,6/23/2007,2,13,17,17,2,18,7,28,25,19,13,18,0,4,1,0,2,14,0,3,0,0,2,2
6/24/2007,6/30/2007,3,11,6,2,0,18,8,18,28,23,13,16,0,17,0,4,0,6,0,1,0,0,4,3
7/1/2007,7/7/2007,17,43,33,36,5,206,130,32,26,35,20,31,6,6,25,26,0,25,0,10,0,0,6,3
7/8/2007,7/14/2007,13,37,31,27,0,263,67,146,63,42,44,40,2,25,4,11,0,31,0,7,0,0,13,10
7/15/2007,7/21/2007,19,18,49,9,7,84,70,104,70,49,49,16,5,8,0,2,5,12,0,2,0,0,2,0
7/22/2007,7/28/2007,5,14,27,12,3,112,74,75,23,90,59,22,0,3,2,4,1,20,0,12,0,0,25,4
7/29/2007,8/4/2007,8,18,18,11,0,74,35,39,58,72,73,14,1,5,0,7,0,10,0,2,0,0,0,1
8/5/2007,8/11/2007,11,12,31,8,2,39,19,17,52,32,36,11,0,7,2,2,0,4,0,0,0,0,2,0
8/12/2007,8/18/2007,5,15,22,10,0,48,56,21,46,45,36,12,2,5,4,1,0,11,0,5,0,0,6,1
8/19/2007,8/25/2007,11,5,18,9,0,44,44,30,52,41,31,21,0,3,0,1,0,14,0,4,0,0,1,0
8/26/2007,9/1/2007,11,22,47,28,8,31,56,45,31,78,60,35,1,5,5,9,0,10,0,3,4,0,0,6
9/2/2007,9/8/2007,14,14,35,15,4,45,43,55,29,80,51,53,0,10,2,2,0,20,0,13,0,0,0,0
9/9/2007,9/15/2007,9,11,55,30,8,151,83,91,25,43,41,184,2,3,5,1,3,39,0,18,0,0,7,1
9/16/2007,9/22/2007,9,12,27,15,15,30,51,39,45,47,54,32,3,2,6,2,1,9,0,3,0,0,18,2
9/23/2007,9/29/2007,28,25,60,21,10,105,49,29,117,33,52,53,2,11,2,1,0,35,1,10,0,0,27,2
9/30/2007,10/6/2007,42,15,35,28,13,46,55,60,61,76,81,28,1,7,1,3,3,2,0,1,6,1,24,5
10/7/2007,10/13/2007,6,25,20,23,2,76,51,30,32,46,30,30,0,6,2,0,1,5,0,3,1,0,11,4
10/14/2007,10/20/2007,17,34,25,41,1,28,10,42,57,73,34,114,2,4,1,1,1,5,0,0,0,0,0,3
10/21/2007,10/27/2007,1,36,31,47,3,88,38,48,24,24,29,76,5,1,1,1,0,25,0,1,0,0,1,1
10/28/2007,11/3/2007,13,24,24,17,6,156,97,87,68,32,34,82,8,3,8,3,2,7,0,4,0,0,7,0
11/4/2007,11/10/2007,32,40,95,39,22,254,61,48,77,98,66,151,0,23,1,18,4,76,2,24,1,1,37,0
11/11/2007,11/17/2007,20,20,126,29,14,176,75,57,49,46,63,139,3,13,1,11,1,77,1,26,0,0,32,4
11/18/2007,11/24/2007,14,24,25,12,5,82,37,41,24,42,35,72,19,37,1,22,0,18,0,7,0,0,12,3
11/25/2007,12/1/2007,8,12,35,13,3,125,19,10,108,74,75,129,1,14,0,3,0,29,0,1,0,0,5,0
12/2/2007,12/8/2007,15,28,24,20,8,105,24,38,31,26,35,108,1,6,1,7,2,21,0,3,0,0,9,1
12/9/2007,12/15/2007,13,23,30,9,2,74,27,63,22,42,13,73,1,6,2,3,1,26,0,3,0,0,1,0
12/16/2007,12/22/2007,4,26,22,9,1,40,29,82,23,24,17,25,0,2,0,4,0,13,0,7,0,0,9,0
12/23/2007,12/29/2007,20,21,75,51,6,65,63,161,30,63,48,128,7,3,2,1,0,13,3,2,0,0,20,15
12/30/2007,1/5/2008,7,33,46,21,4,48,21,43,40,54,36,57,6,1,2,1,4,17,0,2,0,1,6,1
1/6/2008,1/12/2008,6,20,23,21,3,54,30,72,10,22,13,40,0,1,0,0,3,16,0,5,0,4,0,2
1/13/2008,1/19/2008,5,23,19,19,0,117,28,84,28,37,20,30,0,6,0,0,0,55,0,10,0,0,2,0
1/20/2008,1/26/2008,9,17,15,6,7,125,40,90,21,18,17,13,0,3,0,0,3,43,0,11,0,0,6,0
1/27/2008,2/2/2008,23,6,16,10,1,99,56,72,27,27,29,21,6,11,2,20,1,17,0,1,0,0,4,0
2/3/2008,2/9/2008,8,22,6,27,3,74,31,59,10,21,24,24,2,3,7,1,0,43,1,9,0,0,12,0
2/10/2008,2/16/2008,6,25,23,11,2,59,19,85,14,31,31,67,0,2,6,1,1,35,0,8,0,0,5,1
2/17/2008,2/23/2008,9,21,74,18,18,60,18,61,60,74,68,201,4,2,3,0,0,17,0,3,0,0,4,3
2/24/2008,3/1/2008,7,24,44,20,0,42,41,70,19,14,27,113,0,1,4,20,0,21,1,8,0,0,3,0
3/2/2008,3/8/2008,16,17,18,21,0,53,14,80,43,31,30,50,2,4,0,8,0,24,0,5,0,0,8,0
3/9/2008,3/15/2008,2,11,6,24,2,35,15,36,21,23,53,90,0,6,0,11,0,19,0,6,0,0,6,2
3/16/2008,3/22/2008,2,15,7,10,1,27,7,29,24,42,27,78,0,1,1,2,1,10,0,6,0,0,0,0
3/23/2008,3/29/2008,9,11,10,4,6,39,9,27,89,54,60,49,3,7,1,11,4,20,2,5,0,0,1,1
3/30/2008,4/5/2008,5,4,16,11,0,11,8,18,45,25,34,31,7,0,0,1,0,10,1,3,0,0,1,1
4/6/2008,4/12/2008,4,12,19,16,3,22,23,24,48,41,25,29,0,5,0,2,0,12,0,1,2,0,5,5
4/13/2008,4/19/2008,4,13,7,6,1,16,10,19,15,36,23,37,4,1,0,4,0,9,0,4,0,0,5,2
4/20/2008,4/26/2008,1,8,14,27,1,10,7,12,20,38,26,48,0,5,3,4,0,1,0,2,0,0,0,0
4/27/2008,5/3/2008,3,11,12,14,1,10,5,19,13,34,30,103,0,0,1,0,1,5,0,0,0,0,0,0
5/4/2008,5/10/2008,5,4,18,9,0,14,23,36,23,50,16,39,0,1,0,1,0,5,0,0,0,0,0,0
5/11/2008,5/17/2008,6,7,4,14,2,17,8,13,26,16,27,39,0,6,4,5,0,7,0,1,0,0,1,0
5/18/2008,5/24/2008,1,3,8,11,2,7,16,17,15,38,26,14,1,5,0,14,1,4,0,1,0,0,0,0
5/25/2008,5/31/2008,7,6,12,4,2,8,5,20,31,21,28,25,1,2,0,1,0,4,0,2,0,0,1,4
6/1/2008,6/7/2008,7,10,10,12,0,27,11,47,6,32,18,13,0,7,0,2,0,15,0,13,0,0,0,1
6/8/2008,6/14/2008,7,10,24,12,1,24,16,19,21,37,40,19,0,4,1,3,0,9,0,4,0,0,8,1
6/15/2008,6/21/2008,5,6,11,18,1,43,13,26,25,24,24,27,1,2,0,2,0,23,0,6,0,0,2,0
6/22/2008,6/28/2008,7,18,16,17,7,65,18,55,34,23,22,36,0,2,0,1,0,13,0,2,5,2,7,3
6/29/2008,7/5/2008,2,3,23,24,0,98,23,49,30,25,22,20,0,4,0,1,0,20,0,6,0,0,5,2
7/6/2008,7/12/2008,3,23,18,19,1,55,17,57,31,40,19,27,0,7,3,2,0,22,0,1,0,2,4,3
7/13/2008,7/19/2008,6,7,18,25,0,39,19,34,26,22,28,15,0,4,0,1,0,15,0,2,0,0,1,1
7/20/2008,7/26/2008,3,4,14,23,0,49,22,30,32,35,28,47,1,3,3,4,0,12,2,5,0,0,0,0
7/27/2008,8/2/2008,2,10,1,9,1,62,55,24,17,16,20,19,0,0,0,1,1,8,0,0,0,0,4,1
8/3/2008,8/9/2008,10,9,21,13,1,42,48,31,18,26,39,50,0,5,0,4,0,6,0,2,0,0,1,0
8/10/2008,8/16/2008,17,6,25,11,2,58,32,58,34,47,42,52,0,2,2,1,0,5,0,0,0,0,0,0
8/17/2008,8/23/2008,17,12,43,27,3,72,34,99,62,31,60,54,1,7,3,1,2,15,1,3,0,0,8,3
8/24/2008,8/30/2008,6,9,15,21,2,107,25,54,25,42,33,63,0,1,0,3,0,12,0,1,0,0,5,4
8/31/2008,9/6/2008,5,23,7,13,4,65,20,33,24,24,33,49,1,4,6,1,0,8,0,1,2,1,0,1
9/7/2008,9/13/2008,5,12,15,15,0,113,34,53,32,25,27,26,3,1,2,0,0,6,0,4,0,1,1,1
9/14/2008,9/20/2008,4,3,8,0,4,66,13,31,35,20,19,3,1,0,0,3,0,9,0,2,0,0,0,0
9/21/2008,9/27/2008,2,12,9,14,0,102,36,108,7,24,11,8,0,1,0,0,0,22,0,4,0,0,1,2
9/28/2008,10/4/2008,0,8,7,10,0,68,12,47,20,18,14,1,2,0,2,0,0,9,0,1,0,0,0,0
10/5/2008,10/11/2008,7,7,6,3,1,66,21,87,66,27,32,24,1,0,0,0,0,18,0,2,0,0,0,0
10/12/2008,10/18/2008,2,10,6,7,2,118,29,41,51,28,28,10,1,0,1,1,2,18,1,5,0,0,1,0
10/19/2008,10/25/2008,4,7,10,7,1,103,16,28,7,27,18,12,1,2,2,0,1,19,0,3,0,0,1,2
10/26/2008,11/1/2008,7,17,9,10,0,64,10,48,9,14,11,7,0,7,0,8,0,14,0,1,0,0,0,1
11/2/2008,11/8/2008,1,7,15,8,1,61,26,57,10,17,13,4,0,6,4,6,1,25,0,5,0,0,2,2
11/9/2008,11/15/2008,0,4,5,2,0,81,25,82,13,17,7,8,0,2,0,1,0,11,0,6,0,0,0,0
11/16/2008,11/22/2008,1,11,10,6,4,89,35,50,13,11,11,2,5,1,1,1,1,28,0,7,0,0,5,0
11/23/2008,11/29/2008,4,8,6,3,1,80,12,38,53,25,13,6,1,0,2,3,0,27,0,4,0,0,0,0
11/30/2008,12/6/2008,2,8,4,5,2,44,14,25,14,22,20,10,0,0,0,0,0,6,0,2,0,0,0,0
12/7/2008,12/13/2008,5,6,4,5,1,71,5,110,9,10,3,0,0,3,0,1,0,27,0,37,0,0,0,2
12/14/2008,12/20/2008,5,4,4,2,2,27,8,22,7,6,10,10,0,1,0,0,2,7,0,3,0,0,1,3
12/21/2008,12/27/2008,1,4,4,4,1,18,7,29,17,6,17,10,0,2,4,0,0,11,0,5,0,0,0,0
12/28/2008,1/3/2009,14,7,4,7,0,38,21,40,22,19,7,4,1,2,2,0,0,10,1,2,0,0,6,3
1/4/2009,1/10/2009,3,8,3,1,0,26,13,30,49,14,12,6,1,0,1,0,0,10,0,7,0,0,2,0
1/11/2009,1/17/2009,1,2,4,5,1,30,20,26,12,13,6,13,1,0,0,0,0,12,0,4,0,0,3,0
1/18/2009,1/24/2009,5,6,1,13,1,70,31,33,28,24,11,9,0,1,1,2,0,8,0,1,0,0,2,0
1/25/2009,1/31/2009,0,6,6,4,2,71,20,46,27,14,15,9,1,4,2,0,2,10,0,3,0,0,3,6
2/1/2009,2/7/2009,3,9,7,6,0,67,45,109,29,25,11,10,5,5,4,4,0,14,2,1,0,0,2,1
2/8/2009,2/14/2009,0,10,3,12,0,54,20,37,35,21,18,7,1,2,0,4,0,16,0,3,0,0,0,0
2/15/2009,2/21/2009,1,12,6,10,0,29,12,54,28,42,35,33,1,2,0,4,0,4,0,2,0,0,4,0
2/22/2009,2/28/2009,4,7,30,11,8,49,38,49,16,35,19,33,0,10,5,1,2,12,1,5,0,0,23,0
3/1/2009,3/7/2009,5,8,14,14,0,28,31,35,39,22,16,21,2,4,2,0,0,14,0,5,0,1,6,0
3/8/2009,3/14/2009,9,14,25,13,5,108,33,52,78,22,34,63,0,0,2,18,0,21,0,4,0,0,21,1
3/15/2009,3/21/2009,6,26,17,10,16,96,44,61,91,20,45,33,0,12,4,4,1,19,1,9,0,0,26,5
3/22/2009,3/28/2009,6,4,6,3,0,34,19,74,49,39,29,14,0,5,2,2,0,8,0,1,0,0,8,2
3/29/2009,4/4/2009,4,16,8,12,2,57,62,198,19,12,8,10,1,5,9,2,1,11,1,4,0,0,0,0
4/5/2009,4/11/2009,9,8,14,14,0,29,18,69,36,16,17,10,1,0,0,2,0,14,0,4,0,0,1,3
4/12/2009,4/18/2009,3,4,13,5,1,38,22,57,19,22,27,26,0,6,1,7,0,21,1,5,0,0,0,1
4/19/2009,4/25/2009,1,6,11,5,0,57,26,43,16,25,21,18,0,0,1,5,0,12,1,2,0,0,1,0
4/26/2009,5/2/2009,8,7,13,15,1,182,33,75,39,33,25,10,4,1,2,1,0,11,0,1,0,0,0,0
5/3/2009,5/9/2009,10,14,8,13,5,151,74,60,15,42,18,9,2,5,4,4,2,19,1,3,0,0,0,1
5/10/2009,5/16/2009,7,12,13,5,1,131,25,56,47,22,19,4,1,6,0,1,0,3,1,3,0,0,0,0
5/17/2009,5/23/2009,1,4,8,5,1,83,25,20,48,34,16,13,1,1,0,7,1,11,2,4,0,0,0,0
5/24/2009,5/30/2009,5,7,7,11,2,122,74,74,46,30,14,9,1,8,0,3,1,19,2,13,0,0,4,0
5/31/2009,6/6/2009,3,7,3,5,4,92,33,74,44,25,14,11,1,30,0,12,3,21,1,9,0,0,1,0
6/7/2009,6/13/2009,5,6,4,2,0,111,22,104,24,28,10,5,1,4,2,2,0,30,0,5,0,0,4,0
6/14/2009,6/20/2009,3,9,11,10,0,124,10,33,5,9,11,6,0,1,1,0,0,47,0,8,0,0,4,1
6/21/2009,6/27/2009,2,12,3,19,2,84,16,71,9,9,11,11,0,0,0,1,2,18,0,9,0,0,1,0
6/28/2009,7/4/2009,5,6,1,8,5,111,26,50,17,7,8,8,1,6,1,1,5,17,0,1,0,0,1,1
7/5/2009,7/11/2009,7,3,2,4,2,56,10,29,21,2,5,4,0,0,1,0,0,17,0,2,0,0,0,1
7/12/2009,7/18/2009,0,3,5,4,4,85,16,41,7,24,11,11,3,4,3,4,4,22,0,7,0,0,0,1
7/19/2009,7/25/2009,9,10,8,6,1,81,18,16,16,16,14,6,0,5,0,0,1,23,0,1,0,0,4,1
7/26/2009,8/1/2009,1,11,5,7,2,99,13,54,16,7,9,6,0,7,2,1,2,46,1,20,0,0,2,0
8/2/2009,8/8/2009,2,8,1,14,2,76,25,49,10,14,9,9,1,2,4,1,1,29,0,13,0,0,0,1
8/9/2009,8/15/2009,5,10,6,5,3,61,19,32,9,23,17,10,0,3,0,3,3,24,0,3,0,0,0,0
8/16/2009,8/22/2009,4,4,6,3,0,96,16,40,8,7,0,4,1,0,8,2,0,62,0,8,0,0,1,1
8/23/2009,8/29/2009,0,4,7,8,0,92,14,61,25,15,12,13,0,4,9,1,0,49,0,8,0,0,1,0
8/30/2009,9/5/2009,1,6,5,9,3,91,42,39,15,5,2,3,0,1,7,1,1,26,1,5,0,0,1,0
9/6/2009,9/12/2009,1,6,7,3,4,85,19,28,13,14,6,8,2,0,9,1,4,36,8,11,0,0,0,0
9/13/2009,9/19/2009,4,6,6,6,2,59,15,34,5,20,13,14,0,1,6,0,1,21,0,3,0,0,0,0
9/20/2009,9/26/2009,1,10,1,4,4,44,9,37,2,19,13,13,0,3,11,1,3,14,1,7,0,0,0,0
9/27/2009,10/3/2009,1,6,3,5,3,50,3,24,11,13,10,2,0,1,4,0,2,24,0,11,0,0,0,0
10/4/2009,10/10/2009,1,11,6,7,0,55,19,53,34,7,8,15,1,0,6,3,0,11,0,3,0,0,0,0
10/11/2009,10/17/2009,6,11,5,12,4,122,70,172,20,17,16,9,2,11,1,3,3,17,2,2,0,0,3,0
10/18/2009,10/24/2009,3,11,4,7,4,113,65,88,27,23,6,3,4,0,7,0,0,28,0,10,0,0,2,0
10/25/2009,10/31/2009,3,4,5,7,8,108,45,50,25,18,15,10,3,5,0,1,4,23,0,1,0,0,0,0
11/1/2009,11/7/2009,1,4,1,9,0,63,16,58,4,8,17,20,3,1,2,0,0,17,1,1,0,0,0,0
11/8/2009,11/14/2009,2,5,5,6,1,92,40,117,18,26,9,3,3,0,2,1,1,28,1,8,0,0,1,2
11/15/2009,11/21/2009,3,4,4,5,0,44,19,58,8,14,6,13,1,1,1,0,0,16,0,9,0,0,1,1
11/22/2009,11/28/2009,1,4,2,1,5,70,12,25,14,5,4,8,4,1,3,0,3,19,1,8,0,0,0,0
11/29/2009,12/5/2009,5,8,6,1,1,53,25,93,10,22,6,3,4,1,3,4,0,9,1,1,0,0,0,0
12/6/2009,12/12/2009,1,10,5,4,1,92,23,73,12,19,12,6,1,3,3,1,0,35,0,12,1,0,3,0
12/13/2009,12/19/2009,6,7,10,8,5,47,11,38,13,19,17,12,1,0,0,1,5,12,0,4,0,0,1,0
12/20/2009,12/26/2009,3,6,12,7,1,44,11,86,31,16,20,13,1,0,0,0,0,18,1,10,0,0,0,0
12/27/2009,1/2/2010,4,15,6,5,1,51,8,97,11,25,10,10,2,0,1,0,0,11,0,1,0,0,0,0
1/3/2010,1/9/2010,7,7,5,8,1,54,11,26,12,24,15,9,2,0,5,2,1,16,0,1,0,0,0,0
1/10/2010,1/16/2010,4,6,6,6,2,43,13,12,16,18,14,2,0,1,1,0,2,19,1,3,0,0,2,1
1/17/2010,1/23/2010,3,9,8,10,4,43,9,36,31,17,10,5,1,0,0,0,3,24,1,7,0,0,1,2
1/24/2010,1/30/2010,2,5,6,4,0,54,15,32,9,13,7,7,0,2,0,1,0,18,0,0,0,0,0,0
1/31/2010,2/6/2010,3,7,3,5,1,58,12,51,17,13,6,17,0,0,0,0,1,18,5,5,0,0,0,4
2/7/2010,2/13/2010,1,2,6,6,0,34,21,36,8,13,6,5,2,3,0,2,0,13,0,3,0,0,2,4
2/14/2010,2/20/2010,1,5,4,8,3,51,17,26,29,15,11,11,0,0,0,1,1,25,0,7,0,0,3,0
2/21/2010,2/27/2010,2,10,5,9,0,38,14,38,21,20,11,9,2,4,0,0,0,17,0,6,0,0,2,0
2/28/2010,3/6/2010,2,8,4,3,0,50,11,48,3,4,9,11,1,9,2,3,0,12,1,6,0,0,0,1
3/7/2010,3/13/2010,5,10,4,6,4,39,15,94,22,22,8,7,0,3,0,1,0,16,0,7,0,0,0,0
3/14/2010,3/20/2010,1,4,1,5,1,56,15,25,11,6,5,3,1,1,1,4,0,21,0,10,0,0,4,3
3/21/2010,3/27/2010,1,4,2,9,1,70,24,48,28,6,12,8,1,0,3,2,1,15,1,5,0,0,4,0
3/28/2010,4/3/2010,9,9,6,11,7,70,20,27,7,9,13,6,2,0,2,1,2,18,0,3,4,0,3,1
4/4/2010,4/10/2010,3,2,1,0,2,74,10,46,30,15,8,2,2,0,1,0,2,8,0,0,0,0,0,0
4/11/2010,4/17/2010,1,3,6,4,7,68,28,41,10,10,11,10,2,0,0,0,3,6,0,2,0,0,10,2
4/18/2010,4/24/2010,3,3,6,6,3,61,31,47,14,13,8,2,1,1,1,0,1,12,0,2,0,0,8,0
4/25/2010,5/1/2010,2,5,1,1,2,48,17,35,5,12,6,3,1,0,1,0,2,13,0,13,0,0,1,0
5/2/2010,5/8/2010,4,6,4,7,2,48,16,34,15,3,6,12,1,1,1,3,1,17,0,13,0,0,0,1
5/9/2010,5/15/2010,3,8,4,9,0,35,11,37,22,17,7,5,0,0,1,3,0,19,0,7,0,0,0,0
5/16/2010,5/22/2010,4,7,9,11,3,79,19,54,14,20,13,3,2,2,9,8,2,11,0,12,0,0,2,0
5/23/2010,5/29/2010,4,13,1,11,0,58,21,101,12,6,9,3,0,0,0,0,0,15,0,5,0,0,2,3
5/30/2010,6/5/2010,5,5,8,7,0,63,23,90,22,27,16,8,0,5,0,3,0,24,0,5,0,0,6,0
6/6/2010,6/12/2010,16,10,14,11,2,45,15,53,24,14,14,8,4,3,4,2,2,11,2,1,0,0,1,0
6/13/2010,6/19/2010,13,17,27,22,5,87,26,58,27,44,33,10,0,6,2,2,3,28,0,5,0,0,3,1
6/20/2010,6/26/2010,11,15,18,20,0,88,39,55,33,46,37,20,1,5,2,2,0,31,5,7,0,0,5,0
6/27/2010,7/3/2010,11,12,25,12,1,66,29,84,23,21,26,21,1,2,3,3,1,24,3,7,0,0,13,3
7/4/2010,7/10/2010,18,33,29,22,0,80,23,103,33,20,35,20,0,4,2,0,0,22,0,2,0,0,3,1
7/11/2010,7/17/2010,7,12,15,9,3,92,15,76,61,21,18,23,4,5,2,6,3,50,3,8,0,0,2,0
7/18/2010,7/24/2010,4,10,14,15,3,74,34,47,35,35,23,12,1,3,9,6,0,24,0,2,0,0,8,3
7/25/2010,7/31/2010,14,13,11,18,5,60,28,64,35,36,25,20,3,4,4,3,3,19,1,5,0,0,2,0
8/1/2010,8/7/2010,6,23,37,23,1,51,34,71,47,64,46,28,2,40,2,17,0,24,0,3,0,0,4,2
8/8/2010,8/14/2010,10,20,21,8,0,25,21,40,46,76,43,28,3,23,2,7,0,7,0,0,0,0,1,5
8/15/2010,8/21/2010,7,13,25,21,0,36,25,47,46,74,53,40,4,20,0,13,0,15,0,1,0,0,8,2
8/22/2010,8/28/2010,9,21,16,32,2,45,29,75,37,47,41,28,2,26,4,14,1,18,1,2,1,0,4,0
8/29/2010,9/4/2010,10,24,24,16,0,80,45,109,26,50,50,28,1,20,4,9,0,19,0,3,0,0,16,4
9/5/2010,9/11/2010,12,15,18,13,0,22,26,59,52,54,35,15,3,9,0,0,0,5,0,2,0,0,4,1
9/12/2010,9/18/2010,6,10,9,5,1,21,4,38,22,32,17,21,3,11,3,0,0,9,0,1,0,0,0,1
9/19/2010,9/25/2010,4,7,20,14,5,53,11,36,33,27,22,25,4,12,1,2,2,20,0,1,0,0,2,1
9/26/2010,10/2/2010,17,17,21,8,5,31,21,29,74,35,26,21,1,2,1,2,2,7,0,1,0,0,7,2
10/3/2010,10/9/2010,14,26,24,11,4,67,18,120,50,40,30,18,0,4,1,1,1,23,0,0,1,0,4,5
10/10/2010,10/16/2010,12,13,34,17,4,64,15,37,47,26,21,8,0,5,2,0,0,34,0,3,0,0,4,1
10/17/2010,10/23/2010,11,17,29,19,1,75,17,74,92,45,22,23,0,4,1,3,1,27,0,1,0,0,2,4
10/24/2010,10/30/2010,4,11,15,15,4,74,21,57,23,38,29,15,0,3,3,0,2,26,0,5,0,0,4,0
10/31/2010,11/6/2010,8,18,24,14,2,67,26,98,41,51,29,29,1,3,0,0,0,16,3,3,0,0,5,2
11/7/2010,11/13/2010,7,14,22,22,1,49,30,67,29,13,22,27,0,3,1,6,1,22,1,4,0,0,2,1
11/14/2010,11/20/2010,5,8,9,12,0,59,15,44,45,21,14,11,3,3,2,9,0,19,1,6,0,0,1,1
11/21/2010,11/27/2010,10,12,34,10,2,48,29,37,32,28,16,19,6,5,6,7,0,20,0,6,0,0,8,4
11/28/2010,12/4/2010,8,15,21,11,9,58,23,29,25,24,22,11,4,3,1,1,1,25,2,6,0,0,0,0
12/5/2010,12/11/2010,11,10,20,8,2,47,32,91,35,15,13,23,0,4,4,3,1,10,2,5,0,0,6,3
12/12/2010,12/18/2010,0,3,9,7,0,19,14,29,5,13,14,3,0,2,0,0,0,10,0,2,0,0,2,2
12/19/2010,12/25/2010,2,1,1,2,3,10,6,20,16,8,2,0,0,1,1,0,3,4,0,1,0,0,0,0
12/26/2010,1/1/2011,5,5,12,1,2,13,12,16,10,15,7,7,1,2,0,0,0,5,0,1,1,0,5,0
1/2/2011,1/8/2011,11,20,37,34,28,51,110,47,80,75,94,39,1,3,11,2,0,22,1,2,0,0,9,2
1/9/2011,1/15/2011,14,24,35,27,9,38,62,75,45,64,68,34,3,3,2,3,0,13,0,9,0,0,5,4
1/16/2011,1/22/2011,8,12,18,15,4,59,31,47,57,39,43,38,4,4,1,1,1,32,1,3,0,0,1,2
1/23/2011,1/29/2011,6,9,11,12,0,56,22,81,17,44,35,14,2,2,1,0,0,16,1,1,0,0,0,2
1/30/2011,2/5/2011,11,9,6,9,19,71,32,61,31,26,23,13,4,11,0,3,2,22,0,3,0,0,1,0
2/6/2011,2/12/2011,13,11,17,8,15,29,57,55,47,27,21,14,0,8,1,3,11,14,14,2,0,0,1,0
2/13/2011,2/19/2011,7,8,9,10,1,49,40,50,34,27,16,20,1,1,1,1,1,19,26,5,0,0,3,1
2/20/2011,2/26/2011,6,15,17,19,2,33,33,75,56,29,29,27,0,1,0,4,1,13,0,5,1,0,5,1
2/27/2011,3/5/2011,22,27,18,29,4,37,86,67,74,60,49,33,0,6,1,3,3,24,0,8,0,0,8,0
3/6/2011,3/12/2011,15,10,24,18,7,53,23,80,27,47,19,21,4,2,2,2,2,30,2,8,0,0,3,0
3/13/2011,3/19/2011,2,11,12,16,4,83,38,44,32,32,30,19,1,5,1,13,2,16,2,13,0,0,9,0
3/20/2011,3/26/2011,7,15,21,15,0,52,24,60,32,22,20,19,2,5,0,3,0,19,1,6,0,0,10,3
3/27/2011,4/2/2011,14,12,21,10,1,47,27,70,37,32,23,22,1,2,6,0,1,18,2,3,0,0,7,3
4/3/2011,4/9/2011,9,12,15,20,5,86,25,67,13,43,24,25,1,4,1,4,4,46,7,9,0,0,1,1
4/10/2011,4/16/2011,11,10,14,10,4,71,26,62,38,41,29,24,1,4,1,3,4,29,1,8,0,0,2,0
4/17/2011,4/23/2011,14,14,18,24,2,66,23,76,39,51,35,17,6,15,2,0,0,28,0,13,0,0,3,1
4/24/2011,4/30/2011,8,15,22,16,8,70,27,64,38,31,28,37,0,7,0,8,4,24,0,6,0,0,5,7
5/1/2011,5/7/2011,12,21,24,24,7,66,22,61,61,41,40,21,1,2,1,2,3,24,0,3,0,0,4,0
5/8/2011,5/14/2011,9,23,53,25,6,56,18,52,102,42,30,49,4,5,0,1,1,23,0,2,0,0,3,9
5/15/2011,5/21/2011,11,9,24,11,2,46,23,37,40,33,26,29,0,4,1,1,1,19,0,9,0,0,2,0
5/22/2011,5/28/2011,1,14,14,17,0,63,68,104,41,36,50,34,6,5,0,0,0,18,0,8,0,0,2,1
5/29/2011,6/4/2011,7,25,28,9,8,81,36,72,48,34,21,32,4,3,0,0,6,24,3,7,0,0,4,2
6/5/2011,6/11/2011,7,17,31,15,12,61,24,69,75,35,21,14,0,4,1,3,6,27,2,2,0,0,2,1
6/12/2011,6/18/2011,11,15,21,20,5,68,25,56,38,29,21,28,1,3,0,0,4,44,1,4,0,0,13,0
6/19/2011,6/25/2011,16,26,28,26,3,72,34,69,51,32,17,25,0,2,3,5,3,36,3,3,0,0,3,3
6/26/2011,7/2/2011,12,10,26,20,5,52,67,76,34,27,28,38,2,0,2,6,2,14,3,5,0,0,11,6
7/3/2011,7/9/2011,12,23,26,19,4,87,26,51,22,42,33,28,8,4,0,0,2,22,0,3,0,0,1,1
7/10/2011,7/16/2011,5,17,20,35,5,62,24,65,34,43,49,44,0,5,1,2,1,19,0,4,0,0,1,2
7/17/2011,7/23/2011,11,11,12,26,0,30,30,71,45,37,34,18,0,0,4,5,0,11,0,3,0,0,10,10
7/24/2011,7/30/2011,18,15,21,7,3,62,17,79,50,43,41,42,0,2,0,3,2,24,0,4,0,0,4,6
7/31/2011,8/6/2011,9,12,28,15,2,58,14,85,51,50,30,52,0,2,0,2,1,10,0,6,0,0,5,4
8/7/2011,8/13/2011,7,15,18,20,0,45,54,91,43,40,26,13,0,0,0,1,0,13,0,4,0,0,6,1
8/14/2011,8/20/2011,9,21,23,28,2,49,31,86,91,48,30,47,2,10,2,2,0,14,0,5,0,0,3,2
8/21/2011,8/27/2011,11,10,37,15,9,76,22,72,64,59,30,32,0,5,3,3,5,25,0,6,0,0,2,3
8/28/2011,9/3/2011,7,13,19,29,0,52,22,82,33,30,20,24,0,4,2,0,0,24,0,2,0,0,5,1
9/4/2011,9/10/2011,11,26,21,33,10,91,12,73,58,57,52,12,3,6,0,1,2,33,0,12,0,0,2,2
9/11/2011,9/17/2011,5,17,17,25,1,66,27,120,37,38,35,26,1,7,4,7,1,38,0,6,0,0,5,2
9/18/2011,9/24/2011,14,19,23,30,6,80,20,73,45,45,35,20,3,6,0,1,0,34,2,4,0,0,8,1
9/25/2011,10/1/2011,8,16,16,28,13,75,29,45,60,44,48,28,0,9,0,5,3,33,1,11,0,2,3,1
10/2/2011,10/8/2011,13,15,26,17,5,54,45,72,57,54,44,34,3,3,3,3,0,23,1,4,1,1,17,3
10/9/2011,10/15/2011,10,12,32,22,3,63,24,47,52,44,35,21,0,2,1,2,0,33,1,5,0,0,5,3
10/16/2011,10/22/2011,22,9,21,28,3,40,34,53,83,51,32,52,1,3,0,1,0,9,0,2,0,0,6,1
10/23/2011,10/29/2011,7,7,12,15,5,37,21,35,16,18,19,26,5,0,0,0,4,23,7,6,0,0,5,1
10/30/2011,11/5/2011,6,18,19,18,3,27,30,39,17,17,22,33,2,5,0,1,2,14,8,9,1,0,5,5
11/6/2011,11/12/2011,6,2,5,17,3,37,10,46,17,23,15,28,0,2,0,1,2,16,2,6,0,0,1,0
11/13/2011,11/19/2011,6,16,28,17,3,47,22,53,69,51,45,43,3,9,0,1,0,14,0,4,1,0,0,0
11/20/2011,11/26/2011,14,15,23,22,0,54,35,33,54,44,34,36,0,4,6,3,0,15,0,1,0,1,10,3
11/27/2011,12/3/2011,12,14,21,25,3,40,17,22,41,40,47,33,0,4,7,3,1,15,0,6,1,0,3,3
12/4/2011,12/10/2011,5,3,11,16,0,22,9,17,49,35,41,27,1,1,0,5,0,7,0,2,0,0,2,0
12/11/2011,12/17/2011,11,5,21,18,3,41,18,45,37,34,48,21,1,12,1,3,2,16,0,8,0,0,1,0
12/18/2011,12/24/2011,20,12,23,15,0,23,17,23,74,65,56,32,1,3,1,4,0,9,0,1,0,0,5,6
12/25/2011,12/31/2011,32,16,18,9,1,23,19,19,33,35,34,36,0,2,1,2,0,3,0,0,0,0,6,1
1/1/2012,1/7/2012,10,14,32,27,5,81,34,47,48,61,66,45,1,3,0,3,0,16,1,6,0,0,14,7
1/8/2012,1/14/2012,74,22,40,18,2,49,55,41,110,37,38,50,4,1,0,3,2,16,0,8,0,0,6,1
1/15/2012,1/21/2012,52,8,23,25,13,35,16,34,106,52,58,31,0,3,0,0,4,18,2,6,0,0,6,2
1/22/2012,1/28/2012,8,14,24,20,3,40,24,60,37,38,24,34,1,3,0,4,1,13,1,5,0,0,1,3
1/29/2012,2/4/2012,21,19,41,26,3,108,70,100,40,34,39,55,0,7,2,4,1,36,1,6,0,0,6,4
2/5/2012,2/11/2012,39,26,45,20,12,79,31,54,57,28,64,46,1,4,0,0,10,40,0,5,0,0,20,9
2/12/2012,2/18/2012,33,27,43,32,41,82,28,80,61,58,44,69,3,6,0,2,41,47,4,6,0,0,10,2
2/19/2012,2/25/2012,33,28,46,25,7,56,63,52,79,46,46,40,2,4,1,1,3,29,2,2,0,0,22,2
2/26/2012,3/3/2012,29,31,49,40,5,76,55,121,91,64,74,41,6,11,0,1,1,21,2,3,0,0,15,6
3/4/2012,3/10/2012,38,40,51,50,11,103,43,105,62,41,50,47,0,7,1,1,11,44,3,2,0,3,11,10
3/11/2012,3/17/2012,26,31,28,44,2,94,30,111,96,49,57,65,5,10,1,4,2,43,3,7,0,0,13,13
3/18/2012,3/24/2012,31,35,48,42,2,93,65,107,68,63,88,69,1,4,0,1,0,34,0,6,1,0,29,8
3/25/2012,3/31/2012,28,34,48,43,4,104,50,131,52,53,79,57,4,5,5,3,3,26,0,5,0,1,23,7
4/1/2012,4/7/2012,48,54,67,43,5,107,58,173,89,132,91,89,5,13,2,9,2,52,0,22,0,1,30,9
4/8/2012,4/14/2012,27,32,61,49,3,106,45,149,91,81,75,81,2,18,2,5,0,59,1,14,1,0,23,9
4/15/2012,4/21/2012,39,70,45,54,5,66,55,146,93,94,91,111,5,7,2,5,3,34,1,3,0,0,14,19
4/22/2012,4/28/2012,44,50,70,65,44,177,49,149,126,104,91,87,4,8,4,4,40,106,3,16,2,0,22,15
4/29/2012,5/5/2012,34,48,54,70,11,137,69,131,132,87,107,95,5,10,4,3,11,66,0,5,0,0,28,27
5/6/2012,5/12/2012,43,45,48,82,9,122,58,138,57,52,57,49,2,4,13,7,8,71,0,8,1,2,22,22
5/13/2012,5/19/2012,51,42,75,65,7,96,47,143,128,69,88,93,3,9,1,9,7,48,1,5,0,0,18,8
5/20/2012,5/26/2012,41,42,53,50,5,54,28,154,109,62,58,53,4,10,1,8,2,40,0,6,1,1,19,18
5/27/2012,6/2/2012,29,31,48,41,6,94,35,152,109,62,58,52,1,9,3,16,5,67,0,17,1,0,15,25
6/3/2012,6/9/2012,32,42,53,51,3,100,50,164,61,53,55,72,2,10,1,6,0,49,0,7,2,0,25,22
6/10/2012,6/16/2012,29,49,56,73,2,85,31,120,71,75,115,89,1,5,1,5,1,51,0,13,1,0,19,7
6/17/2012,6/23/2012,44,31,77,54,21,77,54,131,75,108,135,121,5,11,1,6,15,44,1,5,2,2,35,20
6/24/2012,6/30/2012,34,37,83,50,6,127,57,137,85,124,96,86,3,6,0,4,3,72,3,9,0,0,18,13
7/1/2012,7/7/2012,31,45,52,41,7,149,45,123,129,87,114,77,3,10,3,11,4,85,1,5,1,0,18,6
7/8/2012,7/14/2012,62,30,78,44,5,114,81,159,92,92,73,84,1,12,3,5,5,70,5,8,0,0,11,5
7/15/2012,7/21/2012,30,36,36,66,1,117,62,161,100,102,61,89,3,12,0,6,1,66,0,10,0,0,12,10
7/22/2012,7/28/2012,49,36,66,54,1,106,41,149,90,103,103,131,1,6,1,6,1,61,0,10,0,0,21,8
7/29/2012,8/4/2012,26,46,62,67,3,81,48,156,67,108,103,78,3,10,2,11,1,45,1,8,1,0,28,23
8/5/2012,8/11/2012,53,51,32,43,3,122,41,134,85,73,64,97,5,10,0,4,2,64,2,7,1,0,16,9
8/12/2012,8/18/2012,25,23,32,38,6,99,70,146,58,67,67,62,5,14,1,9,5,44,0,4,0,0,6,4
8/19/2012,8/25/2012,10,19,20,26,1,94,31,93,61,66,41,38,0,7,1,3,0,59,1,7,0,0,10,3
8/26/2012,9/1/2012,19,32,40,58,5,73,71,106,45,50,50,68,3,2,3,5,1,28,2,15,0,0,5,5
9/2/2012,9/8/2012,37,39,61,56,3,109,31,116,59,79,75,96,1,13,0,9,3,63,0,13,0,0,9,5
9/9/2012,9/15/2012,8,19,18,20,2,33,12,77,29,18,28,35,3,10,1,13,0,15,0,10,0,0,5,4
9/16/2012,9/22/2012,19,17,23,23,4,131,108,60,59,71,62,52,2,4,1,5,0,19,0,2,0,0,98,13
9/23/2012,9/29/2012,40,35,45,47,2,90,31,106,71,52,67,81,3,13,1,0,0,46,1,12,0,0,13,11
9/30/2012,10/6/2012,33,43,55,43,1,86,31,78,130,81,75,106,3,9,1,4,1,43,2,3,0,0,13,4
10/7/2012,10/13/2012,36,59,28,45,2,53,34,187,73,111,75,80,6,3,0,7,0,28,1,2,0,0,4,7
10/14/2012,10/20/2012,25,36,37,40,4,87,38,152,64,54,64,50,4,9,1,7,2,37,1,12,0,0,15,7
10/21/2012,10/27/2012,34,14,32,47,3,58,19,86,62,53,45,35,1,6,1,2,1,26,0,6,0,0,8,6
10/28/2012,11/3/2012,17,14,35,34,5,92,28,81,97,51,53,34,4,8,2,2,2,36,0,9,0,0,9,2
11/4/2012,11/10/2012,31,24,33,25,1,44,41,144,74,71,65,64,0,8,1,1,1,23,0,8,0,0,13,3
11/11/2012,11/17/2012,35,33,62,41,2,74,21,77,84,90,74,61,1,7,0,0,1,42,0,12,0,0,5,4
11/18/2012,11/24/2012,24,29,56,39,2,66,35,131,83,107,71,63,0,4,0,17,1,37,1,12,0,0,5,2
11/25/2012,12/1/2012,19,27,34,42,0,44,17,67,97,71,61,72,6,8,4,2,0,20,2,10,0,1,6,1
12/2/2012,12/8/2012,33,35,34,25,3,41,31,99,58,62,50,60,9,0,0,4,2,29,0,4,0,0,11,11
12/9/2012,12/15/2012,11,27,34,22,5,66,57,89,39,46,67,76,3,1,0,8,4,38,0,3,0,0,7,12
12/16/2012,12/22/2012,18,31,35,35,1,73,45,139,59,64,55,51,3,5,2,3,0,21,0,1,0,0,9,1
12/23/2012,12/29/2012,8,16,32,28,1,44,46,93,46,53,44,75,0,2,0,1,1,24,0,1,0,0,4,2
12/30/2012,1/5/2013,18,29,30,43,0,74,30,118,75,92,107,74,4,3,5,6,0,43,2,3,0,0,0,2
1/6/2013,1/12/2013,20,28,48,25,2,64,21,98,24,79,58,101,2,2,1,4,0,27,0,6,0,0,4,5
1/13/2013,1/19/2013,19,38,87,35,61,58,76,65,69,93,83,90,1,5,1,2,49,23,3,2,0,0,60,12
1/20/2013,1/26/2013,11,6,22,22,12,29,22,66,37,33,30,41,0,2,1,4,10,10,1,7,0,0,5,1
1/27/2013,2/2/2013,17,38,54,34,7,69,47,104,84,74,71,62,0,4,1,1,2,26,0,2,1,0,14,4
2/3/2013,2/9/2013,19,42,51,37,2,55,26,76,45,48,50,85,1,5,1,4,1,34,0,1,0,0,9,3
2/10/2013,2/16/2013,10,47,43,18,1,71,32,65,49,91,76,75,0,8,0,3,1,30,0,3,0,0,8,0
2/17/2013,2/23/2013,42,32,49,42,3,105,40,131,77,77,59,88,4,3,1,1,3,45,0,16,0,2,16,13
2/24/2013,3/2/2013,45,21,48,22,6,21,29,75,50,73,63,97,2,0,1,2,5,13,1,2,0,0,9,3
3/3/2013,3/9/2013,20,31,34,28,1,75,16,40,93,60,54,37,5,3,0,7,0,23,2,3,0,0,8,4
3/10/2013,3/16/2013,24,16,42,35,11,53,39,59,107,59,40,63,1,2,0,1,2,23,0,6,0,0,15,13
3/17/2013,3/23/2013,22,27,35,44,15,45,43,88,79,58,58,112,3,1,2,2,0,11,2,7,0,0,11,2
3/24/2013,3/30/2013,17,26,53,39,15,33,33,53,104,113,99,115,4,3,2,4,1,10,0,3,0,0,6,0
3/31/2013,4/6/2013,22,20,34,20,5,51,25,70,66,46,53,50,4,4,2,2,2,21,1,5,0,0,5,0
4/7/2013,4/13/2013,43,25,27,40,10,44,39,60,139,45,32,53,9,4,4,1,4,9,1,3,0,0,2,4
4/14/2013,4/20/2013,90,42,43,24,60,55,46,76,79,51,48,48,12,7,3,3,53,16,24,9,0,0,4,7
4/21/2013,4/27/2013,29,25,41,33,13,28,23,62,64,35,27,56,6,4,3,3,11,12,7,1,0,0,3,3
4/28/2013,5/4/2013,29,19,26,52,13,65,31,142,47,36,47,92,0,2,0,1,2,21,6,9,0,1,4,2
5/5/2013,5/11/2013,11,22,30,42,8,88,50,124,54,63,63,95,3,8,1,2,5,23,0,5,0,0,5,4
5/12/2013,5/18/2013,12,19,32,58,5,37,28,58,51,59,67,191,1,3,1,7,1,15,2,1,0,0,11,16
5/19/2013,5/25/2013,26,16,27,117,2,38,18,80,39,70,66,107,8,13,12,4,1,14,0,1,0,0,5,16
5/26/2013,6/1/2013,11,11,19,24,2,64,28,58,28,26,33,69,0,9,1,2,2,12,1,3,0,0,8,2
6/2/2013,6/8/2013,8,2,7,10,3,25,13,35,38,47,45,79,1,4,2,2,0,8,0,2,0,0,4,0
6/9/2013,6/15/2013,20,10,32,15,10,58,38,40,92,30,37,23,4,0,0,2,8,18,6,0,0,0,14,4
6/16/2013,6/22/2013,8,16,21,31,1,45,39,127,61,61,49,45,1,1,0,0,1,10,2,0,0,0,3,5
6/23/2013,6/29/2013,32,15,26,19,7,45,15,98,66,33,44,26,2,4,0,2,6,28,2,7,0,0,3,1
6/30/2013,7/6/2013,22,9,20,11,6,58,53,84,40,57,50,25,1,7,0,3,3,9,0,3,1,0,11,3
7/7/2013,7/13/2013,25,15,24,17,1,39,33,42,90,52,47,34,1,4,0,4,0,11,0,4,0,0,10,5
7/14/2013,7/20/2013,27,23,23,27,4,94,28,58,56,27,45,40,0,7,0,10,2,40,0,8,0,0,4,3
7/21/2013,7/27/2013,25,26,30,47,4,64,54,80,85,50,48,47,0,7,2,2,1,22,0,4,0,0,6,4
7/28/2013,8/3/2013,12,31,47,26,1,66,44,58,56,42,51,83,1,5,3,13,1,27,0,2,0,0,5,0
8/4/2013,8/10/2013,23,17,23,17,1,55,29,115,36,30,26,23,0,7,2,3,0,15,0,2,0,0,1,3
8/11/2013,8/17/2013,11,22,22,24,0,68,5,55,29,43,38,41,9,2,0,8,0,30,0,1,0,0,0,0
8/18/2013,8/24/2013,21,29,34,36,8,77,41,55,67,47,44,41,3,4,1,5,3,32,29,6,1,0,4,0
8/25/2013,8/31/2013,19,21,38,34,2,72,22,41,68,38,40,25,2,8,0,13,2,32,2,4,0,0,12,6
9/1/2013,9/7/2013,17,11,21,11,2,78,19,28,104,81,65,26,4,0,2,1,0,34,0,3,0,1,2,0
9/8/2013,9/14/2013,5,6,24,8,2,42,19,29,67,72,92,44,2,12,4,3,2,31,0,7,0,0,0,0
9/15/2013,9/21/2013,15,23,19,12,1,76,19,68,47,24,35,35,11,17,4,4,0,45,0,7,0,0,4,2
9/22/2013,9/28/2013,9,20,27,40,0,41,28,106,42,55,43,47,6,9,0,5,0,20,1,0,0,2,12,14
9/29/2013,10/5/2013,17,19,21,17,1,51,24,42,52,36,62,42,1,8,1,7,0,20,0,0,0,0,3,3
10/6/2013,10/12/2013,22,9,30,24,15,23,21,21,52,45,63,23,12,6,6,4,15,7,2,3,0,0,3,2
10/13/2013,10/19/2013,12,1,10,13,2,11,13,36,31,28,20,28,0,5,0,0,2,8,0,0,0,0,1,3
10/20/2013,10/26/2013,22,13,21,22,6,36,26,25,25,30,33,35,0,2,0,1,2,17,0,6,0,0,10,3
10/27/2013,11/2/2013,18,12,29,13,1,32,18,32,14,47,44,36,0,3,1,3,0,15,0,2,1,0,1,0
11/3/2013,11/9/2013,22,20,43,22,5,25,13,65,62,72,71,65,8,3,21,3,4,13,2,4,1,0,6,5
11/10/2013,11/16/2013,15,13,18,13,5,59,14,42,61,31,35,31,2,0,0,2,0,20,0,4,0,0,0,1
11/17/2013,11/23/2013,20,31,30,31,23,58,34,96,78,48,42,41,3,4,0,4,21,25,3,4,1,0,9,22
11/24/2013,11/30/2013,22,19,40,23,1,22,13,32,61,43,68,43,1,2,0,9,1,7,2,1,0,0,2,11
12/1/2013,12/7/2013,30,20,33,48,2,37,27,61,83,31,39,35,5,1,0,4,1,15,0,3,1,2,9,11
12/8/2013,12/14/2013,28,29,26,20,6,35,22,20,84,38,51,43,2,3,0,3,6,19,1,2,0,0,2,0
12/15/2013,12/21/2013,26,20,28,40,5,51,31,39,66,38,40,63,1,5,1,4,1,17,1,2,0,0,10,6
12/22/2013,12/28/2013,27,17,29,17,14,59,30,27,53,34,53,35,0,1,0,0,12,14,1,0,0,0,15,8
12/29/2013,1/4/2014,37,14,29,31,19,26,19,52,57,46,50,32,1,3,2,1,18,15,0,1,0,1,4,12
1/5/2014,1/11/2014,19,18,27,22,4,31,22,59,40,26,39,37,1,6,2,0,2,12,0,2,0,0,2,0
1/12/2014,1/18/2014,32,21,32,9,10,27,7,49,51,42,35,43,1,1,1,1,9,13,1,7,0,0,1,3
1/19/2014,1/25/2014,15,23,38,21,3,84,34,87,57,33,55,42,3,2,0,1,3,17,0,3,0,1,6,8
1/26/2014,2/1/2014,28,22,31,17,9,47,30,34,60,49,65,33,2,2,0,3,8,17,3,5,1,0,4,0
2/2/2014,2/8/2014,17,11,13,14,13,11,20,46,31,24,39,32,0,0,0,0,13,3,0,0,0,0,6,0
2/9/2014,2/15/2014,7,18,28,10,2,52,26,93,62,35,51,45,1,2,0,3,2,27,0,2,0,0,5,2
2/16/2014,2/22/2014,26,19,18,26,15,57,35,48,100,41,51,34,0,0,0,5,13,15,3,5,0,0,3,1
2/23/2014,3/1/2014,16,18,25,18,3,111,26,76,52,37,45,26,1,3,3,2,0,24,0,8,0,0,5,4
3/2/2014,3/8/2014,34,9,34,12,7,47,40,82,124,21,54,20,2,2,3,0,4,17,2,5,0,0,2,3
3/9/2014,3/15/2014,19,13,40,11,9,36,26,73,78,73,83,22,0,5,0,2,9,19,3,5,0,0,6,2
3/16/2014,3/22/2014,12,23,23,18,0,39,16,25,102,43,62,31,0,7,2,7,0,18,2,3,0,0,4,2
3/23/2014,3/29/2014,14,13,23,20,7,27,9,34,42,46,37,66,3,1,2,0,7,14,0,2,0,0,3,0
3/30/2014,4/5/2014,44,31,27,9,34,32,19,59,132,44,49,17,6,17,0,4,34,11,9,6,0,0,6,0
4/6/2014,4/12/2014,27,18,43,24,0,63,13,47,38,37,50,35,5,9,1,4,0,24,1,0,0,0,4,3
4/13/2014,4/19/2014,22,13,36,8,6,42,14,60,51,65,63,54,8,14,0,4,6,25,0,7,0,1,4,1
4/20/2014,4/26/2014,23,29,36,22,6,55,44,102,104,70,66,36,0,3,1,1,6,8,0,2,0,0,2,2
4/27/2014,5/3/2014,18,17,30,19,3,43,28,33,48,26,39,15,1,6,0,2,0,14,0,3,0,0,15,3
5/4/2014,5/10/2014,20,17,30,45,1,42,19,66,75,41,40,47,2,9,0,0,0,10,0,5,1,0,9,13
5/11/2014,5/17/2014,14,10,34,35,3,39,10,56,21,35,37,59,4,0,0,1,2,22,1,2,0,0,3,9
5/18/2014,5/24/2014,22,10,23,31,6,66,20,39,62,46,63,38,1,3,1,1,6,8,0,3,0,0,6,1
5/25/2014,5/31/2014,12,21,33,16,1,66,29,107,53,31,51,60,2,7,1,3,0,41,1,14,0,0,7,5
6/1/2014,6/7/2014,17,10,24,27,2,75,37,58,50,60,61,59,0,10,1,3,0,35,0,7,2,0,13,8
6/8/2014,6/14/2014,31,17,45,37,9,122,68,175,65,33,51,54,5,3,0,0,2,8,0,6,0,0,9,4
6/15/2014,6/21/2014,23,11,52,30,7,211,94,74,40,56,62,40,10,9,2,0,2,16,0,3,0,0,44,5
6/22/2014,6/28/2014,11,26,49,21,5,131,46,46,36,69,54,101,10,15,6,4,4,25,0,4,0,0,11,4
6/29/2014,7/5/2014,16,26,15,25,1,85,18,39,79,52,43,36,4,10,1,1,0,27,0,10,0,0,9,2
7/6/2014,7/12/2014,14,11,35,19,0,65,21,41,84,44,52,40,3,9,1,5,0,15,1,15,0,0,3,3
7/13/2014,7/19/2014,15,22,28,27,7,90,40,40,83,37,36,43,0,9,1,3,3,21,1,3,0,0,4,3
7/20/2014,7/26/2014,10,17,29,24,1,34,10,17,48,24,28,29,0,4,0,2,0,9,0,1,0,0,3,0
7/27/2014,8/2/2014,9,13,31,12,0,57,21,38,27,45,33,35,4,5,0,4,0,11,0,1,0,0,5,3
8/3/2014,8/9/2014,9,26,67,43,1,98,53,30,66,87,79,94,2,3,0,1,1,23,0,4,0,0,23,3
8/10/2014,8/16/2014,16,40,101,43,4,114,49,30,68,77,58,126,0,8,4,3,3,24,0,1,0,0,27,5
8/17/2014,8/23/2014,28,39,162,87,2,70,143,43,119,129,138,169,2,13,1,2,0,11,0,3,0,1,115,21
8/24/2014,8/30/2014,39,36,139,50,2,75,142,68,170,164,171,164,4,6,3,5,2,10,0,0,0,0,118,25
8/31/2014,9/6/2014,55,43,98,90,7,173,262,80,179,104,128,135,3,14,2,2,0,5,1,5,2,1,235,24
9/7/2014,9/13/2014,22,34,58,58,3,105,43,62,34,65,85,104,2,15,0,6,2,59,4,9,0,0,18,12
9/14/2014,9/20/2014,22,30,53,44,2,114,72,51,30,63,49,70,1,14,1,11,1,40,0,2,0,1,32,11
9/21/2014,9/27/2014,13,22,29,31,5,53,30,43,66,48,53,71,0,6,0,1,0,9,0,3,0,0,18,6
9/28/2014,10/4/2014,9,27,29,35,3,62,19,46,39,32,46,71,3,5,0,2,3,17,1,3,0,1,13,3
10/5/2014,10/11/2014,3,5,15,37,1,33,18,47,35,38,24,54,0,5,0,3,0,11,0,5,1,0,5,4
10/12/2014,10/18/2014,18,20,35,31,6,58,15,36,53,38,61,102,3,1,0,5,2,14,0,3,0,0,2,2
10/19/2014,10/25/2014,6,20,22,33,3,33,27,86,40,31,30,70,0,3,3,6,0,12,0,3,0,1,18,11
10/26/2014,11/1/2014,21,23,32,25,1,90,41,42,26,42,42,53,5,8,0,1,0,21,0,5,1,2,16,16
11/2/2014,11/8/2014,8,20,33,16,1,87,20,98,70,33,26,57,1,8,1,2,0,25,0,4,1,0,4,12
11/9/2014,11/15/2014,14,37,36,37,4,86,36,98,63,45,54,35,3,4,0,2,4,34,1,31,0,0,13,8
11/16/2014,11/22/2014,23,34,35,36,9,41,27,66,79,38,40,58,0,2,4,0,7,11,3,6,0,0,12,5
11/23/2014,11/29/2014,12,23,41,24,2,55,16,53,28,37,34,53,0,3,0,5,1,29,0,13,1,0,12,4
11/30/2014,12/6/2014,12,30,30,46,4,52,32,20,25,56,44,43,0,3,0,2,2,11,0,1,0,0,14,4
12/7/2014,12/13/2014,10,21,40,49,1,65,41,69,35,53,55,77,0,3,1,4,0,30,1,14,0,0,23,13
12/14/2014,12/20/2014,16,22,14,58,2,114,44,304,77,79,85,61,0,13,0,24,0,11,1,6,0,1,10,11
12/21/2014,12/27/2014,9,39,27,65,4,141,18,110,68,38,58,47,2,5,2,7,2,35,0,23,0,0,3,9
12/28/2014,1/3/2015,13,22,31,26,2,85,14,44,92,54,47,38,0,22,2,6,2,45,3,9,0,0,3,0
1/4/2015,1/10/2015,9,15,21,22,1,66,30,68,42,28,38,24,4,11,0,10,0,22,0,6,0,0,5,1
1/11/2015,1/17/2015,12,26,22,24,0,46,43,60,28,45,35,42,1,13,0,0,0,15,7,10,0,0,23,8
1/18/2015,1/24/2015,18,9,19,15,0,38,30,26,36,29,35,24,2,2,1,6,0,17,2,5,0,0,5,0
1/25/2015,1/31/2015,13,15,14,31,0,53,17,38,27,32,38,8,2,1,1,7,0,22,0,5,0,0,6,6
2/1/2015,2/7/2015,9,18,34,13,3,51,24,77,55,45,45,23,0,3,0,9,2,28,0,7,0,0,8,5
2/8/2015,2/14/2015,7,22,26,39,6,63,12,91,28,42,50,62,0,2,0,2,0,18,0,5,1,0,5,8
2/15/2015,2/21/2015,7,8,16,11,1,55,22,78,52,55,44,20,0,1,1,2,1,17,2,5,0,0,2,5
2/22/2015,2/28/2015,13,9,25,13,0,45,8,29,42,37,49,40,2,4,2,1,0,35,1,5,0,0,3,1
3/1/2015,3/7/2015,10,18,14,30,3,50,9,34,32,27,29,57,1,3,0,0,0,25,0,7,0,1,7,6
3/8/2015,3/14/2015,17,43,23,38,8,112,23,47,51,63,56,76,7,8,1,3,2,43,0,11,0,0,5,3
3/15/2015,3/21/2015,10,27,30,58,1,81,25,135,68,31,38,48,1,4,1,1,0,22,1,10,0,1,10,9
3/22/2015,3/28/2015,11,28,16,13,0,78,28,51,55,56,55,47,2,2,1,4,0,24,0,8,0,0,4,3
3/29/2015,4/4/2015,4,16,15,17,8,59,24,51,52,49,31,37,2,5,0,0,8,19,1,2,0,0,3,2
4/5/2015,4/11/2015,17,25,26,30,0,67,18,70,46,40,41,69,1,29,0,13,0,16,1,2,0,0,2,5
4/12/2015,4/18/2015,19,32,22,33,1,75,7,49,85,44,31,21,1,0,0,4,1,21,0,10,0,0,1,1
4/19/2015,4/25/2015,9,12,15,27,1,40,16,30,48,25,15,37,1,2,0,4,0,15,0,1,0,0,4,2
4/26/2015,5/2/2015,4,22,21,35,1,66,23,76,36,38,32,50,2,6,3,3,1,28,0,30,0,0,2,4
5/3/2015,5/9/2015,14,28,33,40,8,60,29,43,35,60,50,48,0,7,2,3,0,13,0,8,1,0,9,5
5/10/2015,5/16/2015,12,35,61,28,1,42,27,112,103,71,54,53,4,4,2,3,0,11,1,10,0,0,13,5
5/17/2015,5/23/2015,13,30,21,20,4,75,14,44,69,51,54,25,3,1,0,2,1,30,1,12,1,0,3,2
5/24/2015,5/30/2015,11,32,32,25,5,99,32,123,69,36,37,24,5,17,3,6,0,33,0,5,0,0,13,10
5/31/2015,6/6/2015,24,29,53,53,9,71,33,62,86,44,35,37,1,3,8,15,7,33,2,11,0,0,8,3
6/7/2015,6/13/2015,14,20,35,21,1,85,55,79,52,31,39,26,4,3,1,0,1,25,0,9,0,0,10,3
6/14/2015,6/20/2015,18,37,61,33,6,51,24,28,75,47,48,58,3,1,4,3,3,10,1,8,0,0,9,4
6/21/2015,6/27/2015,5,19,27,21,3,38,19,35,50,24,22,33,1,3,1,2,0,12,1,6,0,0,12,11
6/28/2015,7/4/2015,23,32,44,32,2,107,20,50,81,57,64,45,4,6,0,2,0,42,0,9,1,0,9,3
